CYCLES;INS
1264;287 
1012;287 
1477;288 
1664;287 
1565;287 
1012;288 
1115;288 
1261;287 
1461;287 
1173;288 
1445;287 
1775;287 
1277;287 
1008;287 
790;287 
1060;287 
1098;287 
1331;287 
1059;287 
1086;287 
3392;287 
1058;287 
1290;287 
1336;287 
1154;287 
1139;287 
1110;287 
1090;287 
1042;287 
1505;287 
1317;287 
3155;287 
1022;287 
1282;287 
985;287 
2032;287 
1532;287 
1504;287 
1377;287 
823;287 
1992;287 
1029;288 
1158;287 
1167;287 
1137;288 
898;287 
637;287 
1547;287 
1737;287 
1218;287 
1729;287 
972;287 
992;287 
1279;287 
1423;287 
1327;287 
1001;287 
1024;287 
1224;287 
1302;287 
1456;287 
1478;287 
1149;287 
1189;287 
1193;287 
1099;287 
1826;287 
2332;287 
1593;287 
2040;287 
1427;287 
1370;287 
1400;287 
885;287 
1152;287 
1426;287 
1400;287 
1248;287 
2654;287 
1246;288 
1044;287 
2234;287 
1672;287 
1304;287 
3711;287 
1751;287 
2223;287 
1266;287 
1168;287 
1458;287 
1446;287 
1122;287 
1133;288 
984;287 
1334;287 
1099;288 
1157;287 
1176;287 
1267;289 
1148;287 
1147;287 
928;288 
1542;287 
1044;287 
3224;287 
1279;287 
1093;288 
1407;288 
1168;287 
872;287 
1836;287 
1016;288 
1269;287 
1252;287 
1056;288 
873;287 
1051;287 
1077;287 
1150;287 
1163;287 
1409;287 
1590;287 
1180;287 
1165;288 
2865;287 
940;287 
1352;287 
1204;287 
1219;287 
3746;287 
1045;287 
1393;287 
2894;287 
1155;287 
1504;287 
910;287 
992;287 
1108;287 
1557;287 
2181;287 
1155;287 
777;287 
1263;287 
1250;287 
1224;287 
1144;287 
1845;288 
1014;287 
1700;287 
746;287 
1131;287 
763;287 
1298;287 
1006;288 
1301;287 
1438;287 
1611;287 
1458;287 
1194;287 
1264;287 
1438;287 
1164;287 
1699;287 
1935;287 
1177;288 
901;287 
1652;287 
1130;287 
1262;287 
1414;287 
896;287 
873;287 
1338;287 
1260;287 
1822;287 
3230;288 
1339;287 
1489;287 
1841;287 
1272;287 
1684;287 
1028;287 
1184;287 
1122;287 
1430;288 
1408;287 
1196;287 
1851;289 
2126;287 
3209;287 
1340;287 
1401;288 
1386;287 
1159;287 
893;287 
854;287 
1215;287 
1640;287 
1183;287 
863;287 
1574;287 
1292;287 
1498;288 
1142;287 
869;287 
1032;287 
1895;287 
1150;287 
1070;287 
1205;288 
848;287 
1708;288 
1176;287 
2275;287 
1067;287 
1018;287 
981;287 
789;287 
879;287 
1311;287 
1458;287 
864;287 
1227;287 
1297;287 
1965;287 
1310;287 
1094;287 
2015;287 
1262;287 
1656;287 
1080;287 
1145;287 
1291;287 
1452;287 
1403;287 
1574;288 
1194;287 
980;287 
1447;287 
1072;288 
1167;287 
858;287 
1335;287 
1484;287 
1202;288 
1414;287 
1216;287 
3439;287 
1162;287 
1092;287 
1573;288 
1563;287 
1405;287 
1360;287 
1452;288 
921;287 
1214;287 
1185;287 
1460;287 
761;288 
1018;288 
1554;287 
1132;287 
1452;287 
971;287 
925;287 
1230;287 
1029;287 
1061;287 
2687;287 
1133;287 
1281;287 
1876;287 
1029;287 
1258;287 
1676;287 
1727;287 
1567;287 
1652;287 
1232;287 
1689;287 
1599;287 
1640;287 
1314;287 
900;287 
1717;287 
1178;287 
1349;288 
1820;287 
1000;287 
1884;287 
1091;288 
1545;287 
1022;287 
1486;287 
1285;287 
1210;287 
907;287 
1766;287 
1423;287 
1127;287 
1089;288 
998;287 
1002;287 
1364;287 
1576;287 
1280;287 
1425;287 
1392;287 
1777;287 
1691;287 
1410;287 
1059;287 
880;287 
1542;287 
1574;287 
1029;287 
1047;287 
916;287 
1343;288 
1330;287 
1131;287 
1441;287 
1227;287 
1122;288 
748;287 
1151;287 
895;287 
1066;287 
1227;288 
2761;287 
1182;287 
3153;287 
1101;287 
1207;287 
1442;287 
1103;287 
1006;287 
2310;287 
1005;287 
1365;287 
1182;288 
1260;287 
1324;287 
1693;287 
1183;287 
1274;287 
1618;287 
917;287 
1141;287 
989;287 
974;287 
2343;288 
1311;287 
1309;287 
1625;287 
1176;287 
1536;288 
1980;287 
1065;287 
1111;287 
2686;287 
1367;287 
1195;287 
1134;288 
3955;287 
1187;287 
1261;287 
1180;288 
985;287 
1536;287 
1441;287 
1604;287 
1199;287 
1344;287 
997;287 
1284;287 
1143;287 
3623;288 
1346;287 
1795;287 
1262;287 
981;287 
1489;288 
889;287 
1183;287 
1435;287 
1743;287 
1518;287 
1735;287 
3405;287 
1967;287 
1139;287 
958;287 
1343;287 
1160;287 
1276;287 
1493;287 
1232;287 
920;287 
1319;287 
1780;287 
1208;287 
1647;287 
1044;287 
1537;288 
1366;287 
1673;287 
1449;287 
1568;287 
1028;287 
2425;287 
1383;287 
1531;287 
1624;287 
913;287 
1233;287 
902;287 
1427;287 
1414;287 
1100;287 
3367;287 
1312;287 
1490;287 
1180;287 
1731;288 
1063;287 
1268;287 
1006;287 
1505;287 
1559;287 
1285;287 
1558;287 
2296;287 
1649;287 
900;287 
1534;287 
1507;287 
822;287 
1425;287 
1021;287 
1218;287 
998;287 
3656;287 
1300;287 
1358;287 
1848;287 
1393;287 
1176;287 
1196;287 
1485;287 
1181;287 
982;287 
1285;287 
1017;287 
1268;287 
1087;287 
1517;287 
1537;287 
1045;287 
1153;287 
1852;287 
1521;287 
1305;287 
1159;287 
1392;287 
1415;287 
727;287 
1076;287 
1272;287 
1138;288 
841;287 
1500;287 
1508;287 
1290;287 
1110;287 
1450;287 
1054;288 
1022;287 
1413;288 
758;287 
1038;287 
1340;287 
1443;287 
1287;287 
1203;287 
1200;287 
1049;287 
919;287 
1190;287 
890;288 
1559;288 
2225;288 
827;287 
1162;287 
1428;287 
1315;287 
1342;287 
912;287 
1216;287 
1577;287 
1525;287 
946;288 
1340;287 
1517;287 
1551;287 
1010;287 
1288;287 
1249;287 
1692;287 
880;287 
1022;287 
1245;287 
875;287 
1496;287 
1506;287 
2659;287 
1127;287 
940;287 
3350;288 
1698;287 
1813;287 
1044;287 
3746;287 
1060;287 
1108;287 
3597;287 
2037;287 
1289;287 
1726;287 
785;287 
1034;287 
1136;287 
1032;287 
1048;287 
1131;287 
899;287 
1597;288 
3110;287 
1430;287 
1314;287 
1397;287 
1341;287 
1512;287 
1231;288 
1310;287 
1402;287 
972;287 
1002;287 
1439;287 
729;287 
725;287 
1214;287 
1555;287 
1203;287 
790;287 
1327;287 
773;287 
1411;287 
3244;288 
894;287 
1030;287 
3390;287 
1662;287 
3212;287 
1301;287 
889;287 
1173;287 
605;288 
916;287 
2204;287 
1006;287 
1287;287 
1295;287 
994;287 
3865;287 
1175;288 
1595;287 
2377;287 
1274;287 
885;287 
3326;288 
961;287 
1217;287 
1073;287 
1723;288 
1017;287 
1696;287 
1229;287 
1494;287 
1282;287 
1463;287 
1243;287 
1511;288 
2451;287 
1791;287 
1273;287 
1358;287 
1565;287 
1327;287 
1302;287 
3519;287 
2624;287 
1198;287 
1203;288 
1256;287 
1642;287 
1259;287 
1017;287 
1401;287 
1603;288 
1031;287 
1378;287 
1222;287 
1206;287 
1307;287 
904;287 
1012;287 
3069;287 
1384;287 
1570;288 
1187;287 
1176;287 
1654;287 
1024;288 
2021;287 
1116;287 
1503;287 
1921;287 
1138;287 
870;287 
1702;288 
2452;287 
955;287 
1443;287 
1167;287 
1429;287 
1213;287 
1310;287 
1375;287 
1452;287 
1479;287 
1373;287 
748;288 
1542;287 
811;287 
940;288 
1541;287 
1213;287 
1978;287 
1355;287 
1328;287 
1370;287 
1655;287 
1450;287 
2790;287 
1926;287 
1325;287 
1021;287 
1491;287 
1174;287 
1345;287 
1120;287 
968;287 
903;287 
1046;288 
1026;287 
883;287 
1004;287 
1094;287 
1591;287 
1316;287 
1200;287 
856;287 
922;287 
1228;287 
892;287 
3385;287 
1804;287 
1016;287 
1354;287 
1364;287 
976;287 
1131;287 
1487;287 
1141;287 
1129;287 
879;287 
1378;287 
1576;287 
3373;287 
3377;287 
2343;287 
877;287 
1537;287 
1246;287 
753;287 
1027;287 
1031;287 
1733;288 
1173;287 
2088;287 
1724;287 
1278;287 
1358;287 
1694;287 
1686;288 
1826;287 
1380;287 
1761;287 
1153;287 
1171;287 
1658;287 
1908;288 
3620;287 
1011;288 
1571;287 
997;287 
1391;287 
1345;287 
1469;288 
1146;287 
1439;287 
986;287 
941;287 
1339;288 
1135;287 
1486;287 
1171;287 
1244;287 
1048;287 
1211;287 
1527;288 
1677;287 
1327;287 
882;287 
1457;287 
1814;287 
1315;287 
1129;287 
1398;287 
1876;287 
1633;287 
1038;287 
1799;287 
1330;287 
1843;287 
1337;287 
3486;287 
1599;287 
700;287 
1207;287 
2120;287 
3474;287 
1252;288 
1720;287 
1973;287 
1484;287 
887;287 
1715;287 
1792;287 
1410;287 
1648;287 
1456;287 
3372;287 
1057;287 
1209;287 
1202;287 
873;287 
1154;287 
1069;287 
1167;287 
1695;287 
1144;287 
1226;287 
1192;287 
1606;287 
787;287 
1142;287 
2656;287 
1244;288 
1479;287 
1264;287 
1508;287 
1020;287 
909;287 
1628;287 
1132;287 
850;288 
1073;287 
1144;287 
1226;287 
997;287 
956;287 
786;287 
1176;287 
1292;287 
1516;288 
1673;287 
1136;287 
1537;287 
896;287 
1228;287 
1354;287 
1263;287 
1021;287 
932;287 
1190;287 
1266;287 
1291;287 
1148;287 
1186;287 
1487;287 
1555;288 
1637;287 
1048;287 
2089;287 
1170;287 
998;287 
1956;287 
2487;287 
1686;287 
1189;287 
2691;287 
1399;287 
1251;287 
1808;287 
1334;287 
991;287 
1262;287 
1051;288 
1328;287 
1302;287 
1033;287 
1191;287 
1897;287 
1355;288 
1176;287 
1238;287 
1089;287 
1332;287 
2302;287 
921;287 
1240;287 
1291;287 
1007;287 
1072;287 
1018;287 
1188;287 
1327;287 
1873;287 
1060;287 
1004;287 
1594;287 
1030;287 
1097;287 
1405;287 
2909;287 
1010;288 
1530;287 
2726;287 
1406;287 
1398;287 
1274;287 
1174;287 
2342;287 
1197;287 
927;288 
708;287 
1158;287 
1010;287 
1191;287 
1588;287 
1362;287 
1394;287 
890;287 
1299;287 
935;287 
2318;287 
1058;287 
1397;287 
1889;287 
3525;287 
1066;287 
1860;287 
1066;287 
1301;287 
891;287 
943;287 
2308;287 
1330;287 
1273;287 
1274;287 
1968;287 
1300;287 
1642;287 
1271;287 
1123;287 
951;287 
1500;287 
3277;287 
1132;287 
1370;287 
769;287 
1376;287 
1539;287 
1078;287 
3724;287 
3488;287 
1000;287 
1755;287 
1609;287 
1176;287 
1525;287 
874;287 
1278;287 
2868;287 
834;287 
899;287 
2895;287 
1671;288 
1165;287 
1329;287 
990;287 
1480;287 
1019;287 
1254;287 
3100;287 
1421;287 
900;287 
1027;287 
1502;287 
1586;287 
3663;287 
796;287 
1579;287 
1355;287 
993;287 
2119;287 
1281;287 
1077;287 
3940;287 
1986;287 
1180;288 
1536;287 
2317;287 
1021;287 
1405;287 
3003;287 
2997;287 
1348;287 
1060;287 
1095;288 
914;287 
1387;288 
1395;287 
1318;287 
3223;288 
1148;287 
1481;287 
747;287 
1431;287 
1343;287 
1039;288 
1598;287 
893;287 
1521;287 
1180;287 
1296;287 
1532;288 
1432;287 
1462;287 
1712;288 
1137;287 
1040;287 
1472;287 
1378;287 
2799;287 
1041;287 
1484;287 
1087;287 
963;287 
1197;287 
1673;287 
1489;287 
1207;287 
1247;287 
1671;287 
1609;287 
3038;287 
1682;287 
3734;287 
856;287 
1071;287 
882;287 
3084;287 
1200;287 
1416;287 
908;287 
3618;287 
1510;287 
1356;287 
984;287 
747;287 
774;287 
3752;287 
1162;287 
1003;287 
1250;287 
926;287 
1501;287 
1071;287 
879;287 
1341;287 
1818;287 
1433;287 
1547;288 
1266;287 
1103;287 
1420;287 
1435;287 
1328;287 
3499;287 
2744;287 
1484;287 
1055;288 
1309;287 
3307;287 
1519;287 
2690;287 
1385;287 
1020;287 
1418;287 
1207;287 
1513;287 
1583;287 
1241;288 
1205;287 
2732;287 
1302;287 
1218;287 
1008;287 
1270;287 
1433;287 
1356;287 
1331;287 
1416;287 
1023;287 
1013;288 
1449;287 
1131;287 
1643;288 
1221;287 
3356;287 
1298;287 
1460;287 
1481;287 
1376;287 
1499;287 
1370;287 
1304;287 
3598;287 
1330;287 
3117;287 
1131;287 
1211;287 
1029;287 
1024;287 
2839;287 
1860;287 
1247;287 
1173;287 
1308;287 
1140;288 
1124;287 
1392;287 
1498;288 
974;287 
1265;287 
735;287 
1275;287 
1393;287 
1165;287 
1080;287 
1065;288 
1297;287 
1858;288 
1064;287 
1220;287 
1715;287 
1467;287 
1387;287 
1456;287 
1313;288 
1329;287 
1277;287 
1157;287 
731;287 
1085;288 
1251;287 
1041;288 
1118;287 
1370;287 
934;287 
1333;287 
1293;287 
1660;288 
1140;287 
1324;287 
2821;287 
1005;287 
1215;287 
1551;288 
1213;287 
1010;287 
1061;287 
1161;287 
1055;287 
1657;287 
1497;287 
1475;287 
1614;288 
1370;287 
989;288 
1361;287 
940;287 
1455;287 
880;289 
1294;287 
907;287 
1304;287 
1401;287 
1540;287 
1435;288 
1005;287 
1128;287 
1423;287 
1289;287 
1461;287 
1770;287 
1004;287 
1608;287 
1577;287 
754;287 
1558;287 
1421;287 
1380;287 
2438;287 
1394;287 
760;287 
914;287 
1029;287 
1248;287 
1143;287 
1136;287 
986;287 
1213;287 
1753;288 
1159;287 
2115;287 
1332;287 
1134;288 
1103;287 
788;287 
840;287 
1584;287 
967;287 
1191;288 
3565;287 
1495;287 
952;287 
1602;287 
1326;287 
1600;287 
951;287 
1153;287 
1393;287 
1829;287 
1551;287 
1059;287 
1287;287 
1176;287 
1510;287 
1226;287 
1710;287 
3052;287 
1365;287 
1164;287 
1380;287 
787;287 
1826;287 
1209;287 
1310;287 
1648;287 
1536;287 
3340;287 
1424;287 
1183;287 
1180;287 
1379;287 
1294;287 
1003;287 
875;287 
1099;287 
3245;287 
1203;287 
884;287 
1945;287 
1133;287 
1088;287 
1073;287 
1743;287 
1860;287 
1155;288 
1345;287 
1444;287 
1011;288 
1315;287 
1286;287 
1221;287 
1023;287 
1969;287 
1647;287 
1019;287 
1469;287 
1368;287 
1147;287 
868;287 
1104;287 
1245;287 
2101;287 
1181;287 
899;287 
1024;287 
1263;287 
2799;287 
1514;287 
969;287 
1320;287 
1598;287 
1208;287 
1206;287 
1201;287 
1584;287 
1792;287 
1788;287 
1553;287 
1243;287 
1906;287 
1126;287 
990;287 
1588;287 
913;287 
1103;287 
1775;287 
910;287 
1079;287 
1787;287 
1524;287 
1765;287 
1515;287 
1209;287 
872;287 
1825;287 
2734;287 
1725;287 
930;287 
1322;287 
1311;287 
1638;287 
1166;288 
1389;287 
1155;287 
983;287 
1001;287 
1389;287 
1714;288 
1173;287 
999;287 
1414;287 
888;287 
1090;287 
1435;287 
1122;288 
1240;288 
1274;287 
3179;287 
1296;287 
1140;288 
1596;287 
1661;287 
1440;287 
1011;287 
2586;287 
1319;288 
1902;287 
751;287 
1063;287 
976;287 
1153;287 
1038;288 
1392;287 
1214;287 
2298;287 
1056;287 
1255;288 
1250;287 
1748;287 
1397;287 
1122;287 
1183;287 
1405;287 
998;287 
1043;287 
1327;287 
1405;287 
1680;287 
904;287 
1028;288 
1873;287 
1417;287 
1168;287 
899;287 
1259;287 
1434;288 
1154;287 
1258;287 
1382;287 
1619;287 
1339;288 
1115;287 
1519;287 
1101;287 
1365;287 
1783;287 
1671;287 
1262;287 
3284;287 
1001;287 
1148;287 
952;287 
1151;287 
1141;287 
1478;287 
1308;287 
1619;287 
980;287 
1552;287 
1569;287 
1501;287 
1530;287 
1215;287 
1279;287 
1110;287 
1582;287 
1085;287 
901;287 
1181;287 
891;287 
1206;287 
1348;287 
1650;287 
1089;288 
1574;287 
1352;287 
1240;287 
1041;287 
1595;287 
2485;287 
1957;287 
1558;287 
1639;287 
1368;287 
608;287 
918;287 
1742;287 
777;287 
1293;287 
1407;287 
893;287 
1172;287 
749;287 
1015;287 
1520;288 
1295;287 
1127;287 
1928;287 
1497;287 
1472;287 
936;287 
877;287 
1219;287 
1462;287 
1141;287 
1484;287 
1936;287 
1402;287 
1029;287 
1346;287 
1217;287 
1269;287 
1153;287 
969;287 
1136;287 
808;287 
1049;287 
1521;288 
1086;287 
1238;287 
1180;287 
1288;288 
1350;287 
1316;287 
1244;287 
1499;287 
1003;287 
1481;287 
1613;287 
1010;287 
1039;287 
2528;287 
1349;287 
1440;287 
1028;287 
1110;287 
1334;287 
1329;287 
898;287 
1849;287 
1643;287 
1493;287 
1253;287 
1427;287 
939;287 
911;287 
1517;287 
1100;287 
1710;287 
1553;287 
1103;287 
890;287 
1392;287 
1000;287 
1291;287 
1594;287 
1280;287 
2525;287 
1375;287 
1329;287 
1406;288 
1191;287 
1682;287 
1633;287 
1019;287 
1049;287 
1241;287 
1308;287 
1512;287 
1310;288 
1572;287 
1643;287 
1117;287 
1502;287 
952;287 
985;287 
1073;287 
1313;287 
1643;287 
1628;287 
994;287 
1258;287 
1723;287 
1555;287 
1329;287 
1161;287 
1133;287 
2095;287 
1469;287 
973;287 
1614;287 
1309;287 
1059;287 
3442;287 
1561;287 
1011;287 
1080;287 
1194;287 
1218;287 
1505;287 
1273;287 
1318;287 
1481;287 
1665;287 
1763;287 
1341;287 
1176;287 
1335;287 
1176;287 
1521;287 
887;287 
1303;287 
1057;288 
1082;287 
1295;287 
1246;287 
1125;287 
1500;287 
1198;287 
1037;287 
1111;287 
1250;287 
1413;287 
1323;287 
1362;287 
1040;287 
1296;287 
1109;287 
1002;287 
1197;287 
1604;287 
1223;287 
1017;287 
2837;287 
1634;287 
1762;287 
1399;287 
1393;287 
1275;287 
1363;287 
975;287 
1013;287 
1426;287 
1024;287 
1044;287 
957;287 
815;288 
1598;287 
1009;287 
940;287 
1228;287 
1000;287 
889;287 
1710;287 
3630;287 
1234;287 
745;288 
1018;287 
1073;287 
1439;288 
1988;287 
929;288 
1197;287 
950;287 
1515;287 
791;287 
1450;287 
1361;287 
1200;287 
1021;287 
1038;287 
919;287 
1000;287 
2068;287 
1150;287 
1405;287 
1293;287 
1343;287 
964;287 
1704;287 
1153;287 
1397;287 
1196;287 
1142;287 
1309;287 
1175;287 
1230;287 
1464;287 
1167;287 
1611;287 
1273;287 
1144;287 
848;287 
1053;287 
748;287 
1039;287 
1576;287 
1278;287 
1319;287 
1161;287 
915;287 
1700;287 
1402;287 
1015;287 
1225;287 
1597;288 
1582;287 
1882;287 
1757;287 
1131;287 
1394;287 
908;287 
1158;287 
881;287 
1603;287 
1213;287 
1687;287 
1562;287 
1782;287 
1611;287 
1202;287 
1388;287 
1029;287 
1380;287 
1408;287 
1621;287 
1085;287 
3148;287 
992;287 
1406;288 
1645;287 
1076;287 
1444;287 
1498;287 
1276;287 
1169;288 
1628;287 
1199;287 
1587;287 
1492;287 
1090;287 
1625;287 
1003;287 
1286;287 
1138;287 
1298;288 
1647;287 
1146;287 
1978;287 
1167;287 
1099;287 
1141;287 
1033;287 
1537;287 
998;287 
873;287 
1045;287 
893;287 
926;287 
1678;288 
1318;288 
1016;287 
1134;287 
1122;287 
1434;287 
1215;287 
1565;287 
1234;288 
1141;288 
2100;287 
1126;288 
1369;287 
1550;287 
1147;287 
890;287 
1493;287 
989;287 
1330;287 
1289;287 
1565;287 
1193;287 
1752;288 
1628;287 
1065;287 
2836;287 
1291;287 
899;287 
1352;287 
1177;287 
2428;287 
1155;287 
1281;287 
1396;287 
1027;287 
1033;287 
3288;287 
1214;287 
1141;287 
1416;287 
1509;287 
1408;287 
926;287 
1036;287 
1165;288 
1768;287 
1023;287 
892;288 
1059;287 
1512;287 
1356;287 
1488;287 
1637;287 
1550;287 
1356;287 
1152;287 
1487;287 
1015;287 
2463;287 
1400;287 
1535;287 
1161;287 
1404;287 
1338;287 
3143;287 
1299;287 
745;287 
1191;287 
1115;287 
917;287 
1953;287 
1217;288 
1318;287 
1769;287 
1438;287 
853;287 
1208;287 
817;287 
1168;287 
1540;287 
1377;287 
1121;287 
1362;287 
1132;287 
1011;287 
2274;287 
1345;289 
1414;287 
1265;287 
3493;287 
766;287 
1020;287 
760;287 
1553;287 
1040;288 
1268;288 
1040;288 
1246;287 
2927;287 
1052;287 
1115;287 
1046;287 
1561;288 
1014;288 
1282;287 
1872;287 
1100;287 
1165;287 
1231;287 
1475;287 
1304;287 
1238;287 
1676;287 
1631;287 
1304;287 
1156;287 
1553;287 
2635;287 
1726;287 
1110;287 
1124;287 
1495;287 
1311;287 
1665;287 
1276;287 
1303;288 
1362;287 
886;288 
1773;287 
1007;287 
786;287 
1532;287 
1156;287 
1495;287 
1439;287 
1605;287 
622;287 
1233;287 
1410;287 
2638;287 
1023;287 
1187;287 
950;287 
935;289 
1646;288 
1187;287 
1421;287 
1316;287 
1377;287 
1322;287 
1406;287 
1364;289 
1233;287 
1232;287 
2093;287 
988;287 
1143;287 
1083;287 
1414;287 
1782;287 
1220;287 
1197;288 
1792;287 
1013;287 
1180;287 
1796;287 
1731;287 
791;287 
1234;287 
1642;288 
1298;287 
916;288 
1132;287 
1430;287 
1834;287 
984;287 
1365;287 
1143;288 
3305;287 
1029;287 
1470;287 
1767;287 
1040;287 
1776;287 
2021;287 
1304;287 
898;287 
3402;287 
1143;287 
1423;287 
1754;287 
1204;287 
1320;288 
1037;288 
1012;287 
1551;288 
897;287 
1151;287 
1748;288 
1413;287 
1189;287 
1471;287 
1532;287 
1492;287 
1373;287 
3150;287 
987;287 
1659;287 
1745;287 
1438;287 
1177;287 
1208;287 
1152;287 
1564;287 
1290;287 
1549;288 
878;287 
1129;287 
1289;287 
1366;287 
981;287 
2616;287 
3534;287 
1462;287 
1566;287 
1532;288 
936;287 
1290;288 
1044;287 
1690;287 
1122;287 
1200;287 
1471;287 
1000;287 
856;287 
1364;287 
1364;287 
1470;287 
1110;287 
1255;287 
936;287 
986;288 
1242;287 
1429;287 
1253;287 
3090;287 
919;287 
1032;287 
884;287 
1118;287 
1565;287 
999;287 
794;288 
1066;287 
1118;287 
980;289 
1403;287 
3053;287 
1263;287 
1967;287 
1264;287 
1623;287 
2002;288 
1252;287 
2349;287 
1604;287 
2094;287 
1043;287 
1351;287 
1253;287 
1362;287 
914;287 
1227;287 
1137;287 
1744;287 
1372;287 
3516;287 
1004;287 
1306;288 
1284;287 
1012;287 
1386;287 
1296;287 
1606;287 
3168;287 
2242;287 
1404;287 
1896;287 
1504;287 
889;287 
1663;287 
1307;287 
1531;287 
1111;287 
1107;287 
3822;287 
1124;287 
995;287 
1057;287 
1630;287 
1187;287 
1100;287 
1059;287 
1712;287 
1361;287 
3613;287 
1464;287 
1300;287 
1488;287 
1001;287 
1168;287 
1776;287 
2735;287 
1012;287 
1438;287 
840;287 
1359;287 
2878;287 
1038;287 
908;288 
1708;287 
1554;287 
1860;287 
1423;287 
1296;287 
954;287 
1884;287 
1139;287 
1252;288 
1294;287 
1151;287 
782;287 
2418;287 
613;287 
1382;287 
3104;287 
1416;287 
1191;287 
1128;287 
1126;287 
1014;287 
755;287 
1338;287 
1306;287 
1758;287 
3161;287 
1326;287 
1568;287 
3136;287 
1679;287 
1751;287 
1531;287 
1343;288 
1680;287 
1269;287 
997;287 
1362;287 
1174;287 
1227;287 
1350;287 
1181;287 
836;287 
1462;287 
816;287 
1121;287 
2006;287 
1140;287 
876;287 
1226;287 
2418;287 
1115;287 
1424;287 
725;287 
1754;287 
1276;287 
975;287 
1275;287 
1203;287 
1000;287 
1094;287 
1113;288 
1470;287 
1137;287 
3668;287 
1831;288 
1071;287 
967;287 
933;288 
1255;287 
3117;287 
1308;287 
1197;287 
3206;287 
1344;287 
1318;287 
1446;287 
1755;287 
1281;287 
1413;287 
2091;287 
1237;287 
1044;288 
1837;287 
975;287 
1023;287 
1259;287 
3149;287 
1874;287 
1070;287 
815;287 
770;287 
1175;287 
1827;287 
1758;287 
1636;287 
1036;287 
1064;287 
1218;287 
1166;287 
878;287 
907;287 
4006;287 
1405;287 
1281;287 
1443;287 
2987;287 
1016;287 
1806;288 
1189;287 
1478;287 
1540;287 
1640;287 
1046;287 
1079;287 
1055;287 
2121;287 
1051;287 
990;287 
1282;288 
1295;288 
1132;287 
936;287 
2495;287 
3323;287 
1085;287 
1240;288 
2519;287 
1040;287 
1207;287 
870;287 
1450;287 
1352;288 
2803;288 
1272;287 
1600;287 
1366;287 
1043;287 
1447;287 
1165;287 
1133;287 
1298;287 
1434;287 
1614;287 
1462;287 
846;287 
1589;287 
1336;287 
1129;287 
1407;287 
1188;287 
1018;287 
1330;287 
1116;287 
1652;287 
1345;288 
1155;288 
1422;287 
1121;287 
3940;287 
1154;287 
927;287 
1701;287 
1141;287 
1184;287 
1656;287 
1277;287 
868;287 
1620;287 
1306;287 
1313;287 
1034;287 
1128;287 
1208;287 
1231;287 
1369;287 
1265;287 
1409;287 
1884;287 
1341;287 
1832;287 
3449;287 
1164;287 
1229;288 
1125;287 
1130;288 
1606;287 
1357;287 
1135;287 
1179;287 
1027;288 
1176;287 
1289;288 
871;287 
2168;287 
1023;288 
1280;287 
1190;287 
915;287 
872;287 
1008;287 
1261;287 
968;287 
1135;287 
1150;287 
1480;287 
1036;287 
1455;287 
1693;288 
955;287 
894;287 
1458;287 
2411;288 
1325;287 
901;287 
1160;287 
917;287 
1079;287 
1203;288 
1653;287 
900;287 
1026;288 
1267;287 
1287;287 
1801;287 
1442;287 
1343;287 
1066;287 
1109;287 
1502;287 
1413;287 
1892;287 
1424;287 
984;287 
1311;287 
1385;287 
1749;287 
1621;287 
1127;287 
1209;287 
1469;287 
1160;287 
1182;287 
1506;287 
1575;287 
790;287 
1187;287 
1264;288 
1343;287 
1164;287 
1394;287 
1548;287 
995;287 
1013;287 
3137;287 
1134;287 
1497;287 
1338;287 
1285;288 
1612;287 
1570;287 
1048;287 
1985;287 
1202;287 
1600;287 
1347;287 
1282;287 
970;287 
1657;287 
1235;287 
1568;287 
1289;287 
840;287 
1279;287 
2386;287 
1051;287 
1441;287 
1549;287 
1291;287 
1327;287 
1888;287 
1109;287 
1059;287 
1301;287 
1390;287 
1688;287 
1465;287 
1140;287 
1312;287 
947;287 
871;287 
746;287 
930;287 
1117;287 
886;287 
1275;287 
1348;287 
1381;287 
1316;288 
1450;287 
1410;287 
1147;287 
1184;287 
1467;287 
1767;287 
1369;287 
1290;287 
914;287 
1265;287 
1683;287 
1490;287 
1442;287 
1537;287 
1514;287 
1515;287 
1037;287 
1093;287 
1731;287 
1081;287 
1057;287 
1449;287 
1142;287 
1066;287 
1640;287 
1890;287 
1626;287 
1456;287 
1137;287 
989;287 
953;287 
1514;287 
1550;288 
1294;288 
1239;287 
1030;287 
1495;287 
1658;287 
1610;287 
1383;287 
1226;287 
1181;287 
1320;287 
1022;287 
1456;287 
1192;287 
990;287 
1566;287 
951;287 
976;287 
1832;287 
1179;287 
1205;287 
1855;287 
1037;287 
1547;287 
894;287 
1325;287 
2546;287 
1288;287 
772;287 
1696;288 
1511;287 
1153;287 
1032;287 
1562;287 
1405;287 
1142;287 
784;287 
1255;287 
2835;287 
1037;287 
1263;287 
1124;287 
1726;287 
1103;287 
1044;287 
1808;287 
1541;287 
1344;287 
1341;287 
1175;287 
1695;287 
2033;287 
2010;287 
1070;287 
1269;287 
1030;287 
1174;287 
1009;287 
993;287 
1303;287 
1261;287 
1623;287 
750;287 
1548;287 
2587;287 
1199;287 
1323;287 
1200;287 
1163;287 
1180;287 
1873;287 
1259;287 
1236;287 
876;287 
1041;287 
1684;287 
1356;287 
1893;287 
1341;287 
1213;287 
1544;287 
1585;287 
1661;287 
895;287 
1003;287 
3092;287 
1672;287 
1131;287 
901;287 
1102;287 
1082;287 
1171;287 
1921;287 
1667;287 
1000;287 
1160;288 
1279;287 
2655;287 
1187;287 
914;287 
897;287 
1747;287 
1134;287 
1263;287 
1113;287 
974;287 
864;287 
2619;287 
1338;287 
1152;287 
1753;287 
781;287 
893;287 
1058;288 
739;287 
1164;287 
1257;288 
1115;287 
3043;287 
1024;287 
1206;287 
897;287 
1063;287 
760;287 
1529;287 
1540;287 
2613;287 
1363;287 
1063;287 
1302;287 
1198;287 
1012;287 
1578;287 
1051;287 
1130;287 
1227;287 
1831;287 
1376;287 
1573;287 
1266;287 
1131;287 
791;287 
1242;287 
1460;287 
2658;287 
1567;288 
1765;287 
1431;287 
1570;287 
1165;287 
1127;287 
1700;287 
1347;287 
1009;287 
3133;287 
1107;287 
1201;287 
1035;287 
757;287 
1663;287 
1247;287 
1247;287 
1543;287 
1841;287 
1009;287 
1204;287 
3767;287 
1513;287 
3025;288 
1075;287 
1187;287 
1157;287 
1771;287 
1830;287 
1735;287 
1592;287 
1317;287 
1288;287 
3056;287 
3857;287 
1483;287 
1163;287 
1153;287 
1692;287 
1269;287 
1062;287 
1267;287 
1186;287 
1594;287 
1037;287 
1191;287 
1090;287 
1065;287 
1245;287 
1185;287 
1023;287 
1128;287 
1167;287 
1213;287 
1056;287 
1147;287 
1410;287 
1297;287 
1173;287 
1450;287 
943;287 
1536;287 
959;287 
1304;287 
2278;287 
1506;288 
1410;287 
1420;287 
876;287 
925;287 
748;287 
954;287 
2716;288 
1852;287 
1472;287 
1577;287 
1501;287 
883;287 
1159;287 
1232;287 
1412;287 
1340;287 
1354;287 
1120;287 
1040;287 
1246;287 
1302;287 
1298;287 
1252;287 
1316;287 
1148;287 
1144;287 
1190;287 
3464;287 
992;287 
1124;287 
1360;287 
1066;287 
1660;287 
3126;287 
1137;287 
937;287 
1405;287 
1592;287 
1032;288 
883;287 
1715;287 
1395;287 
1185;287 
1636;287 
1134;287 
1501;287 
1647;287 
1564;288 
920;287 
1164;287 
995;287 
1013;287 
1135;287 
1024;287 
1434;287 
1179;287 
1283;287 
979;287 
1430;287 
1677;287 
1586;287 
1215;287 
1124;287 
912;287 
1190;287 
2063;288 
1565;287 
1578;287 
1325;287 
1095;287 
1174;287 
1349;287 
2131;287 
1736;287 
1080;287 
2534;287 
1391;287 
1196;287 
1390;287 
900;287 
970;288 
1472;287 
1367;287 
1818;287 
1200;287 
1550;287 
947;287 
1257;287 
902;287 
811;287 
1259;287 
1200;287 
979;287 
1154;287 
2932;287 
1288;287 
2175;287 
1268;287 
1139;287 
1239;287 
916;288 
1049;287 
1346;287 
1278;287 
1346;287 
1279;287 
1650;288 
1336;287 
1199;287 
1193;287 
1477;287 
1312;287 
1511;287 
1616;287 
1713;287 
1086;287 
3025;287 
752;287 
1261;287 
1738;287 
1342;287 
1177;287 
2458;287 
1386;287 
981;287 
1195;287 
890;287 
1097;287 
1158;287 
1422;287 
1310;287 
3029;287 
1612;287 
964;287 
1077;287 
1244;287 
1336;287 
1552;287 
1141;287 
2316;288 
778;287 
2246;287 
1424;288 
1957;287 
1169;287 
895;287 
1306;287 
1635;287 
1244;287 
1438;287 
1625;287 
1264;287 
1098;287 
1108;287 
1262;287 
1554;287 
1071;287 
3277;287 
1946;287 
2885;287 
1675;287 
1885;287 
1591;287 
2303;287 
1242;288 
1534;287 
1315;287 
1716;287 
1207;287 
992;287 
859;287 
3128;287 
1300;287 
1671;287 
1270;287 
1334;287 
1559;287 
1256;287 
1180;287 
1726;288 
2241;287 
1329;287 
1189;287 
1137;287 
1124;287 
1715;287 
1293;287 
1380;287 
1139;287 
1011;287 
1349;287 
2648;287 
1060;287 
1045;287 
1143;287 
1166;288 
1039;287 
1445;287 
1313;287 
1425;288 
1304;287 
1309;287 
901;287 
948;287 
1119;287 
1267;287 
1304;287 
1753;287 
1064;287 
1085;287 
1111;287 
861;287 
1495;287 
2130;287 
1299;287 
1130;287 
1632;287 
1877;287 
1280;287 
1336;287 
2113;287 
1591;287 
1566;287 
890;287 
1173;287 
1223;287 
4059;288 
950;287 
1163;287 
1012;287 
1148;287 
1090;288 
1778;287 
1518;287 
1279;287 
1144;287 
1027;287 
1049;287 
1080;287 
1376;287 
1000;287 
1582;287 
1296;287 
2126;287 
1281;287 
1290;287 
1120;287 
1590;288 
1276;287 
981;287 
1294;287 
1158;287 
2901;287 
3099;287 
1342;287 
981;287 
951;287 
1717;287 
1245;287 
3474;287 
1370;287 
1200;287 
3440;287 
1015;287 
1692;287 
1549;287 
1401;287 
1054;287 
1313;287 
1160;287 
1256;287 
989;287 
1310;287 
1530;287 
1293;287 
1139;287 
1597;287 
1410;287 
1309;287 
1005;287 
904;287 
1836;287 
1163;287 
1558;287 
1765;287 
1162;287 
1153;287 
1203;287 
4197;287 
775;287 
1220;287 
619;287 
1582;287 
1494;287 
1031;288 
1128;287 
1208;287 
1292;287 
1319;287 
1253;287 
906;287 
2896;287 
1427;287 
1053;287 
1598;287 
3023;287 
3437;287 
1443;287 
1548;287 
1014;287 
1916;287 
1234;287 
1292;287 
1168;287 
1665;287 
1357;287 
1095;287 
1069;287 
2163;287 
1411;287 
1497;287 
899;287 
1153;287 
1140;287 
1782;287 
1336;287 
1026;288 
1434;287 
1185;287 
1367;287 
1421;287 
1890;287 
1427;287 
1380;287 
1641;287 
1453;287 
1396;287 
1153;287 
1571;288 
1254;287 
1197;287 
1555;287 
1254;287 
1063;287 
1704;288 
1007;287 
1393;288 
1292;287 
1386;288 
1665;287 
1493;287 
1150;287 
1291;287 
1644;287 
1649;287 
1532;287 
1406;287 
1552;287 
1547;288 
1120;287 
1387;287 
1486;287 
1314;287 
1616;287 
861;287 
1621;287 
1066;287 
1355;287 
1503;287 
1371;289 
1028;287 
1602;287 
1200;287 
3670;287 
1411;287 
1108;287 
1257;287 
1454;287 
1487;287 
2019;287 
1198;287 
1177;287 
1490;287 
1194;287 
1211;287 
1794;287 
884;287 
1025;287 
905;287 
1727;287 
1847;287 
3480;287 
1676;287 
910;287 
1111;287 
1125;287 
1058;288 
1842;287 
1339;287 
1404;287 
1054;287 
1055;287 
1148;287 
1215;287 
1396;287 
970;287 
1019;287 
885;288 
1021;287 
1188;287 
1164;288 
1188;287 
891;287 
1309;287 
1221;287 
1085;288 
989;287 
1502;287 
3731;287 
874;287 
1206;287 
1173;288 
1250;287 
1258;287 
1548;287 
1569;287 
1581;287 
979;287 
921;287 
749;288 
1031;288 
1314;287 
909;288 
1325;287 
1819;287 
831;287 
1575;287 
1048;287 
1237;287 
890;287 
1333;287 
1434;287 
844;287 
1045;287 
1044;287 
1265;287 
1390;287 
1365;287 
1248;287 
1100;287 
1714;287 
899;287 
851;287 
3127;287 
1418;287 
1260;287 
1295;287 
821;287 
1154;287 
1329;287 
1580;287 
863;287 
1631;287 
2888;287 
1496;287 
969;287 
1206;287 
2500;287 
4052;287 
1222;287 
1022;287 
1454;287 
1412;287 
920;287 
952;287 
1055;287 
1633;287 
995;287 
1413;287 
1857;287 
1123;287 
1147;287 
1920;287 
1105;287 
1405;287 
981;288 
1034;287 
1389;287 
1016;287 
909;287 
1020;287 
1009;287 
1183;287 
1098;287 
1324;287 
1438;287 
1169;287 
1785;287 
1284;287 
1047;287 
1505;287 
1893;287 
979;287 
1007;287 
862;287 
1116;287 
1384;287 
1122;287 
3682;287 
1398;287 
1292;287 
922;287 
3371;287 
1367;287 
1010;287 
725;287 
1368;287 
913;287 
1515;287 
800;287 
977;287 
1805;287 
1162;288 
1151;287 
1563;287 
1062;287 
958;287 
985;287 
1527;287 
1484;287 
1376;287 
1661;287 
1339;287 
1183;287 
1273;287 
1747;287 
1334;287 
1211;287 
1946;287 
921;287 
920;288 
1149;287 
1147;287 
1436;287 
748;287 
1243;287 
1170;287 
1759;288 
1002;287 
1387;287 
1055;287 
1299;287 
1013;287 
1283;287 
1193;287 
1583;287 
1472;287 
1307;287 
869;287 
973;287 
1331;287 
981;287 
1077;287 
1185;287 
1179;287 
1328;288 
1400;287 
1454;287 
901;287 
1132;287 
1517;287 
935;287 
782;287 
1112;287 
1904;287 
1098;287 
1154;287 
1152;288 
1372;288 
1316;287 
1292;287 
908;287 
1602;287 
1383;287 
1744;287 
1844;287 
1524;287 
1057;287 
1789;287 
1021;287 
1267;287 
1273;287 
1192;288 
1751;287 
1672;288 
898;287 
1570;287 
1989;287 
809;287 
1332;287 
1867;287 
1074;288 
920;287 
1634;287 
1155;287 
1334;287 
1421;287 
1295;287 
1257;287 
1243;287 
1356;287 
889;287 
1223;287 
2747;287 
1023;287 
1278;287 
3008;287 
1332;287 
982;287 
2383;287 
1160;287 
1133;287 
3700;287 
1280;287 
1677;287 
1206;287 
1499;287 
1032;288 
1538;287 
1146;287 
1255;287 
1213;287 
1642;287 
1598;287 
1197;288 
1501;287 
859;287 
1758;287 
1354;287 
1431;287 
1075;287 
912;287 
1035;287 
1239;287 
1075;288 
1077;288 
1318;287 
1639;287 
905;287 
1726;287 
1078;287 
884;287 
990;287 
745;287 
1282;287 
1646;287 
1294;287 
1076;288 
1787;287 
758;287 
770;287 
1062;287 
990;287 
1443;287 
880;287 
905;287 
1491;287 
1217;287 
639;287 
1296;287 
1001;287 
1284;287 
869;287 
1149;287 
1297;287 
1570;287 
1100;287 
873;287 
1703;287 
1223;287 
1456;287 
1212;287 
1383;287 
1670;287 
1256;287 
3114;287 
1816;287 
1524;287 
1624;287 
1128;287 
1274;287 
1464;287 
1047;287 
1127;287 
1765;287 
1574;287 
1015;287 
1472;287 
1189;287 
2257;287 
1640;287 
1378;287 
1203;287 
1654;287 
1578;287 
1012;287 
1424;287 
1461;287 
1790;287 
1255;287 
1181;287 
1339;287 
1851;287 
1419;287 
3144;287 
1535;287 
1591;287 
1468;287 
1807;288 
1232;287 
1398;287 
3168;287 
977;287 
1387;287 
1027;287 
1173;287 
1660;287 
1264;288 
1800;287 
1404;287 
1157;287 
1581;287 
752;287 
1027;287 
1533;287 
1411;287 
1447;287 
1754;287 
1663;287 
1669;287 
1897;287 
1417;288 
1477;287 
1074;287 
1148;287 
1162;287 
1336;287 
1473;287 
935;287 
1196;287 
1241;288 
1743;288 
1033;287 
1185;287 
863;287 
758;288 
1449;287 
1361;287 
1679;287 
1747;287 
1677;287 
1224;287 
2007;288 
1116;287 
1084;287 
1199;287 
1420;287 
1344;287 
1417;287 
1963;287 
777;287 
1778;287 
1125;287 
984;287 
1730;287 
1399;287 
3203;287 
1646;287 
1010;287 
874;287 
1746;287 
1381;287 
3853;287 
1313;287 
1162;287 
731;287 
1997;287 
1183;287 
1512;287 
2699;287 
1350;287 
1017;287 
1360;287 
1427;287 
2843;287 
1116;287 
1414;287 
1517;287 
923;287 
1409;287 
1850;287 
899;287 
1563;287 
993;287 
1342;287 
1393;287 
1664;288 
898;287 
1465;287 
1509;287 
1591;287 
1030;287 
1701;287 
1422;287 
2538;287 
1433;287 
1258;287 
1424;287 
1024;287 
1131;287 
1325;287 
1382;287 
1232;287 
1185;287 
974;287 
1487;287 
905;287 
1439;287 
1322;287 
1526;287 
890;287 
1552;288 
1131;287 
1254;287 
869;287 
883;287 
992;287 
1138;287 
1134;288 
1289;288 
1211;288 
3419;287 
734;287 
891;287 
905;287 
1264;287 
1365;287 
1857;287 
976;287 
1815;287 
1717;287 
1001;287 
1491;287 
1043;287 
1535;287 
1011;287 
1084;287 
1168;287 
1317;288 
1351;287 
1493;287 
1292;287 
1640;287 
750;287 
1481;287 
1241;287 
1258;287 
2428;287 
1315;287 
914;287 
3656;287 
1264;287 
1625;287 
1351;287 
1526;287 
997;287 
1524;287 
1025;287 
1174;287 
1408;287 
1529;287 
1020;288 
1542;287 
1161;287 
1230;287 
1547;288 
1002;287 
1622;287 
1518;287 
1018;288 
1007;287 
1599;287 
1515;287 
3250;287 
1558;287 
904;287 
974;287 
1182;287 
1625;287 
1172;287 
2612;287 
1965;288 
958;287 
1622;287 
1364;287 
1924;287 
1305;287 
1591;287 
1324;287 
1812;287 
1526;287 
1089;288 
1840;287 
1409;287 
1558;288 
866;287 
1259;287 
1763;287 
1445;287 
1143;287 
921;287 
1027;287 
1117;287 
1681;288 
1650;287 
2702;287 
932;287 
1045;287 
1150;287 
1348;287 
1002;287 
4074;287 
918;288 
1523;287 
1719;287 
1374;287 
1570;287 
1355;287 
1175;287 
1209;287 
1617;287 
1191;287 
948;287 
1559;287 
1001;287 
2657;288 
1781;287 
1482;287 
932;287 
1503;288 
909;287 
1739;289 
1437;287 
1068;287 
1577;287 
1082;287 
1108;287 
1861;287 
1082;287 
2830;287 
764;288 
1452;287 
1155;287 
921;288 
1638;287 
3051;287 
857;287 
1032;287 
1050;287 
1781;287 
1876;289 
1352;287 
1029;287 
3046;287 
1675;287 
1113;287 
1567;287 
3302;287 
1335;288 
1161;287 
874;287 
1191;287 
1113;287 
617;287 
1017;287 
1143;287 
1165;287 
737;287 
908;287 
1035;287 
1009;287 
1383;287 
2658;287 
1330;287 
2523;287 
1525;287 
989;287 
1376;288 
1287;287 
898;287 
1037;287 
1062;287 
1256;287 
1468;287 
1650;288 
762;287 
1336;287 
898;287 
1041;287 
1469;287 
1173;287 
1586;287 
1167;287 
1174;287 
1342;287 
1431;287 
1411;287 
1877;287 
1572;287 
1797;287 
3260;287 
1446;287 
959;287 
1161;287 
1584;287 
1190;287 
1726;287 
903;287 
3145;287 
1306;287 
1158;287 
1489;287 
1747;287 
1308;287 
1549;287 
1108;287 
791;288 
1327;287 
1133;287 
1270;289 
1186;287 
1155;287 
1021;287 
1609;287 
2021;287 
1555;287 
1183;287 
1181;287 
1749;287 
1503;287 
1204;287 
1276;287 
1590;287 
1206;287 
1194;287 
1582;287 
1271;287 
1083;287 
1824;287 
2109;287 
1547;287 
1289;287 
3533;287 
1014;287 
1169;287 
1454;287 
1494;287 
2585;287 
907;287 
1286;287 
1404;287 
1695;287 
1102;287 
1435;287 
1340;287 
1110;287 
1483;287 
2413;287 
1095;287 
1350;287 
1168;287 
1804;287 
1292;287 
1205;287 
921;287 
1115;289 
1066;288 
804;287 
1064;287 
1168;289 
1188;287 
960;287 
1031;287 
1462;287 
1210;287 
1464;287 
3036;287 
1328;287 
1485;287 
1049;287 
1621;287 
1424;287 
1255;287 
1376;287 
943;287 
1262;287 
1291;287 
1515;287 
1037;287 
1652;287 
993;287 
1610;287 
1141;287 
1421;287 
1263;287 
1002;288 
1627;287 
1267;287 
1330;287 
1002;287 
1164;287 
1674;287 
1129;287 
1503;287 
1616;287 
1390;287 
1432;287 
1614;287 
1492;287 
1454;287 
1293;287 
1298;287 
2015;287 
1460;287 
1358;287 
1127;287 
1068;287 
1189;287 
1164;287 
1564;287 
1117;287 
1151;287 
1856;287 
1193;287 
1057;287 
1184;287 
1950;287 
1160;287 
1430;287 
1483;287 
934;287 
1224;287 
946;287 
1182;287 
1359;287 
2126;287 
1307;287 
1003;287 
1251;288 
1145;287 
1124;287 
917;288 
3308;287 
1250;287 
1692;287 
2987;287 
1204;287 
1741;287 
869;287 
1280;287 
1119;288 
1144;287 
1131;287 
1270;287 
1116;287 
2871;287 
1420;289 
1058;288 
1840;287 
1377;287 
1327;287 
1492;288 
1057;287 
1247;288 
906;287 
1128;287 
1365;287 
1912;289 
1164;287 
1013;287 
990;287 
1387;287 
1495;287 
883;287 
952;287 
1098;287 
873;287 
875;287 
1145;287 
1268;287 
1784;287 
2781;288 
1140;288 
889;287 
1518;287 
1104;287 
1454;287 
906;288 
1014;287 
906;287 
1422;287 
1045;287 
1026;287 
964;287 
1532;287 
1500;287 
1070;287 
1353;287 
3032;288 
1676;287 
1366;287 
1282;287 
1014;287 
1434;287 
893;287 
1939;287 
1092;287 
1444;287 
1215;287 
840;287 
1409;287 
1197;287 
1423;287 
1640;287 
894;287 
1674;287 
1139;287 
1526;287 
1741;287 
1133;287 
2122;287 
1334;287 
1433;287 
997;287 
1545;287 
1105;287 
1401;287 
1535;287 
2359;287 
1246;288 
947;287 
1223;287 
1591;287 
1245;287 
1255;287 
1838;287 
919;287 
1776;287 
911;287 
893;287 
1397;287 
1710;287 
1944;287 
1022;287 
1670;287 
1342;287 
1107;287 
1069;287 
1857;287 
867;287 
867;287 
1278;287 
1153;287 
1244;287 
1037;287 
1284;287 
1347;287 
1401;287 
1431;287 
1407;287 
1039;287 
1322;287 
1071;287 
868;287 
1401;287 
949;287 
1510;287 
1160;287 
1403;287 
3692;287 
1003;287 
1303;287 
1086;287 
1239;287 
2891;287 
1025;288 
1569;287 
1148;287 
933;287 
1291;287 
1414;287 
993;287 
3009;287 
1183;287 
1024;287 
1378;287 
829;287 
1406;287 
1154;287 
1455;287 
1586;287 
988;287 
915;287 
1141;287 
1397;287 
1016;287 
1265;287 
1320;287 
1832;287 
1101;287 
1174;287 
1171;287 
881;287 
1583;287 
2298;287 
1666;287 
1000;287 
1612;287 
1046;287 
1077;287 
1589;287 
2435;287 
1320;287 
780;287 
901;287 
1537;287 
1447;287 
1197;287 
810;287 
1684;287 
1237;287 
1379;287 
996;287 
1470;287 
1320;287 
1342;287 
1373;287 
1874;287 
1236;287 
3483;288 
1683;287 
1698;287 
1203;287 
1547;287 
1108;287 
1606;287 
1203;287 
902;287 
1404;287 
1775;287 
1039;287 
1405;287 
1419;288 
1277;287 
1085;287 
1356;287 
1054;287 
1148;287 
1518;287 
2014;287 
1438;287 
3082;287 
1429;287 
710;287 
1368;287 
1508;287 
1848;287 
1031;287 
1237;287 
853;287 
992;287 
1032;287 
885;287 
1283;287 
942;287 
947;287 
1060;287 
1168;287 
1271;287 
1078;287 
1055;287 
929;287 
1514;287 
1099;287 
624;287 
1178;287 
1374;287 
1957;287 
1317;287 
1239;287 
773;287 
942;287 
1517;287 
1265;287 
1330;287 
1209;287 
1032;287 
1276;287 
719;287 
736;287 
985;287 
2672;287 
1407;287 
878;287 
1846;287 
1101;287 
1545;287 
574;287 
1143;287 
1025;287 
3387;288 
1131;287 
951;287 
1434;287 
1160;287 
1380;287 
1136;287 
1048;287 
902;287 
1418;287 
1517;287 
894;287 
2238;287 
1037;287 
1328;287 
1205;287 
1041;287 
1509;287 
1528;287 
947;287 
1155;287 
1584;287 
1371;287 
1117;288 
1871;287 
1777;287 
1033;287 
1295;287 
1650;287 
1480;287 
1806;287 
1087;287 
1813;287 
1484;287 
758;287 
1010;287 
1318;287 
1044;287 
1172;287 
1020;287 
1582;287 
1454;287 
1677;287 
1010;287 
1322;287 
1311;288 
1393;287 
1128;287 
995;287 
1633;287 
1255;287 
1692;287 
1177;287 
1678;287 
1679;287 
937;287 
1505;287 
819;287 
1391;287 
1029;287 
1003;287 
1119;287 
1679;287 
2202;287 
3456;287 
3013;287 
3071;287 
1403;287 
1031;287 
1072;287 
608;288 
1275;287 
1698;287 
1660;287 
1120;287 
1014;287 
734;287 
915;287 
893;287 
2079;287 
901;287 
1886;287 
1179;287 
1019;287 
1331;287 
1552;287 
1004;287 
1438;287 
1046;287 
1021;287 
1076;287 
946;287 
1158;287 
1194;287 
1058;287 
743;287 
1319;287 
1373;287 
1302;287 
910;287 
1274;287 
1279;288 
1452;287 
1020;287 
1367;287 
1048;287 
1290;287 
1323;288 
978;287 
2031;287 
1375;287 
1243;287 
1746;287 
1137;287 
1200;287 
1785;287 
1393;287 
1150;287 
1090;287 
1004;287 
1326;287 
1267;287 
1486;287 
1123;287 
1790;287 
924;287 
1065;287 
1660;287 
1446;287 
1434;288 
3183;287 
1147;287 
910;287 
1764;287 
1038;287 
1021;287 
1198;287 
1415;287 
1407;287 
1789;287 
884;287 
1746;287 
1503;287 
999;287 
975;287 
1627;287 
1504;287 
1339;287 
1665;288 
974;287 
1454;287 
1479;287 
1795;287 
1432;287 
3348;287 
1142;287 
1271;287 
1212;287 
2475;287 
946;287 
1501;287 
959;287 
1170;287 
1160;287 
3019;287 
1270;287 
1014;287 
1027;287 
1220;287 
1074;287 
1162;287 
1320;287 
1485;287 
1120;287 
1577;288 
1754;287 
1008;287 
1021;287 
1694;287 
3840;287 
977;288 
1055;287 
1141;287 
3266;287 
1747;287 
3306;287 
1415;287 
1484;287 
1360;287 
1695;287 
1301;288 
1134;287 
950;288 
1664;287 
1143;287 
1736;287 
1628;288 
1761;287 
1605;287 
1232;287 
1703;288 
1696;287 
1227;287 
1110;287 
1072;287 
969;287 
1774;287 
1048;287 
1052;287 
3541;287 
1647;287 
1563;287 
1393;287 
1246;287 
1255;287 
1857;287 
1254;287 
900;287 
832;287 
1119;287 
1491;287 
1350;287 
1021;287 
972;287 
1649;287 
1399;287 
1250;287 
2185;287 
2382;287 
945;287 
1200;287 
1472;287 
1622;287 
1264;287 
1046;288 
1289;287 
1354;287 
1412;287 
1131;287 
1490;287 
934;287 
1230;287 
1325;287 
1021;287 
1942;287 
1767;287 
1170;287 
1271;288 
1963;287 
1006;287 
1549;287 
1039;287 
1556;287 
1465;287 
1315;288 
1147;287 
1007;287 
1577;287 
1500;287 
1341;287 
895;287 
1429;287 
1197;287 
2030;287 
1352;287 
1548;287 
1050;287 
1679;287 
1846;287 
1277;287 
1381;287 
1296;287 
1148;287 
942;287 
1202;287 
862;287 
1293;287 
1201;287 
1456;287 
1493;287 
1015;287 
995;287 
1261;287 
852;287 
1328;287 
1318;287 
1138;287 
1453;287 
1137;287 
1392;287 
1492;287 
899;287 
1029;287 
884;287 
1267;289 
997;287 
1691;287 
1266;287 
1065;287 
1241;287 
1651;287 
1296;287 
1070;287 
2208;287 
1624;287 
742;287 
1615;287 
1131;287 
1459;287 
1071;288 
1437;287 
1177;287 
878;287 
3112;287 
1216;287 
1190;287 
1334;287 
3593;287 
952;287 
1683;287 
1333;287 
1329;287 
1147;287 
777;287 
1269;287 
1245;287 
1131;287 
1311;287 
1012;287 
1100;287 
968;288 
1004;287 
748;287 
1466;287 
1337;287 
1148;287 
1717;287 
1156;287 
1645;287 
1308;288 
1153;287 
1099;287 
1139;287 
1597;287 
865;287 
1910;287 
1140;287 
1339;288 
2442;288 
1100;288 
757;287 
1570;287 
1294;287 
1579;287 
2303;287 
854;287 
1157;288 
1613;287 
1070;287 
3633;287 
1733;287 
1153;287 
1271;287 
1283;287 
1054;287 
2100;287 
1638;287 
1938;287 
1378;287 
1570;287 
906;287 
1051;288 
934;287 
1126;287 
602;287 
1664;287 
1207;287 
1349;287 
1270;287 
1537;287 
908;287 
1076;287 
3502;287 
1324;287 
887;287 
1188;287 
1560;287 
3721;287 
1180;287 
1033;287 
2930;287 
1178;287 
1290;288 
1878;287 
1295;287 
3872;287 
984;287 
1834;287 
1205;287 
1397;287 
908;288 
1009;287 
833;287 
1205;287 
1036;287 
1839;288 
1548;287 
2023;288 
1116;287 
1403;287 
1289;287 
1153;287 
1913;287 
1693;287 
3103;287 
1052;287 
1063;287 
1105;287 
1478;287 
652;287 
1343;287 
1132;287 
1408;287 
1074;287 
1526;287 
2067;287 
1415;287 
1426;287 
1071;287 
1350;287 
1391;287 
868;287 
888;287 
1939;288 
1231;287 
864;287 
1795;287 
1281;287 
1800;287 
1812;287 
1461;287 
1238;287 
1157;287 
1261;288 
1353;287 
1051;287 
1663;287 
1013;287 
1368;287 
1192;287 
1147;287 
1379;287 
1351;287 
1291;287 
746;287 
911;287 
2080;287 
888;287 
1408;287 
1610;287 
1312;287 
1033;287 
1885;287 
1396;287 
1298;287 
609;287 
933;287 
1685;287 
993;287 
1423;288 
1180;288 
3508;287 
1246;287 
1558;287 
1213;287 
1319;287 
1217;287 
958;287 
624;288 
1164;287 
3565;287 
1162;287 
1036;287 
1168;287 
890;287 
1175;287 
1566;287 
3137;287 
1163;287 
1096;287 
892;287 
1016;287 
2649;287 
2376;287 
1235;287 
939;287 
1802;287 
1275;287 
994;287 
1680;287 
1073;287 
937;288 
2373;287 
1208;288 
950;287 
894;287 
1129;287 
1118;288 
1524;287 
1506;289 
1974;287 
1360;287 
1068;287 
760;287 
1133;287 
1018;287 
1133;287 
1241;287 
1428;287 
1341;287 
1245;288 
3653;287 
888;287 
1481;287 
1323;287 
1210;287 
1032;287 
1041;287 
1519;287 
1102;287 
1289;287 
1408;287 
3650;287 
2923;287 
1412;287 
741;287 
1728;287 
1275;287 
1140;287 
1183;287 
832;287 
1512;287 
1514;287 
1262;287 
986;287 
1672;287 
869;287 
1481;287 
1198;287 
1228;287 
1158;287 
1319;287 
1339;287 
1516;287 
1175;287 
1222;287 
1063;288 
1185;287 
1642;287 
1186;287 
1564;288 
1066;287 
1143;287 
1247;287 
1207;287 
1222;287 
1487;287 
1886;287 
776;287 
1299;287 
1059;287 
1285;287 
1357;287 
1600;287 
888;287 
982;287 
1661;287 
1578;287 
1498;287 
1746;287 
1110;287 
964;287 
1108;287 
1850;287 
1025;288 
2268;287 
1405;287 
1051;287 
1853;287 
1406;287 
1523;287 
1540;287 
1335;287 
1276;287 
1474;287 
1983;287 
1377;287 
2505;287 
1993;287 
1621;287 
1381;287 
1579;287 
1539;287 
872;287 
1472;287 
1175;287 
1545;287 
1033;287 
1279;287 
1305;287 
996;287 
1285;287 
1447;287 
1093;287 
1170;288 
1226;287 
1417;287 
1187;287 
918;287 
1347;287 
1627;287 
763;287 
2081;287 
1241;287 
1263;287 
1383;287 
1482;287 
1463;287 
1416;287 
1587;288 
3524;287 
1594;287 
1028;287 
770;287 
1437;287 
1283;287 
1284;287 
1057;287 
1382;287 
1745;287 
2508;287 
1925;287 
1511;288 
2885;287 
1178;287 
1453;288 
1193;287 
2393;287 
1450;287 
2956;287 
1051;287 
1876;287 
1370;287 
1193;287 
1136;287 
3554;287 
3351;288 
1392;287 
968;288 
1510;287 
1221;287 
1165;287 
1808;287 
1565;287 
1947;287 
1448;287 
1683;287 
1276;287 
1142;287 
1747;287 
891;287 
1307;287 
1164;287 
3462;287 
1661;287 
1628;287 
1391;287 
1247;287 
1664;287 
934;287 
1376;287 
1189;287 
1560;287 
1245;287 
1897;287 
1201;287 
1782;287 
1273;287 
944;287 
1129;287 
1036;287 
1307;287 
1870;287 
1298;287 
1802;287 
986;287 
1415;287 
1331;287 
1265;287 
1273;287 
1887;288 
1030;288 
922;288 
1054;287 
1371;287 
615;287 
1332;287 
1015;287 
880;287 
1161;287 
1784;287 
1198;287 
2352;287 
3208;287 
1130;288 
1157;287 
1641;287 
1941;287 
1009;287 
1182;287 
2041;287 
1055;288 
1004;287 
1219;287 
1686;288 
1053;288 
872;287 
1551;288 
1342;287 
1535;287 
855;287 
1652;287 
781;287 
1614;287 
1191;287 
3534;287 
1349;287 
1004;287 
1277;287 
1330;287 
1154;287 
1362;287 
1166;287 
1120;287 
1688;287 
1351;287 
1316;287 
927;287 
951;287 
1318;287 
1182;287 
1437;287 
1000;288 
1408;287 
936;287 
1077;287 
1955;287 
1226;288 
1012;287 
1483;287 
1112;287 
1428;287 
1144;287 
972;288 
1343;287 
1126;287 
1694;287 
1172;287 
1634;287 
1173;287 
954;287 
2490;287 
1773;287 
2020;287 
1159;287 
1399;287 
1338;287 
1887;287 
1380;287 
1543;287 
1083;287 
1418;287 
1433;287 
1770;288 
1506;287 
1420;287 
914;288 
1658;287 
1549;287 
1030;287 
1133;287 
1271;287 
893;287 
1504;287 
2973;287 
1689;287 
1530;287 
1410;287 
1324;287 
1676;287 
1323;287 
1619;287 
3411;287 
1440;287 
1133;287 
1257;287 
1374;287 
2550;287 
1244;287 
3419;287 
838;287 
1186;287 
1648;287 
1060;287 
1029;287 
1114;287 
899;287 
1462;287 
1020;287 
901;288 
1289;287 
1080;287 
1411;287 
1370;289 
1360;287 
1343;287 
1206;287 
1410;288 
1307;287 
1422;287 
867;287 
1126;287 
1302;287 
1662;287 
1151;287 
1287;287 
3555;287 
1243;287 
1124;287 
1398;287 
1393;287 
1737;287 
1012;287 
1005;287 
1058;288 
1108;287 
1064;287 
876;287 
1041;287 
1159;287 
822;287 
935;287 
1657;287 
1002;287 
1265;287 
1218;287 
3110;287 
1183;287 
1134;288 
1200;287 
1249;287 
1271;287 
1081;287 
1153;287 
1201;287 
1331;287 
1508;287 
1169;287 
3328;287 
1040;287 
1390;287 
1024;287 
1650;287 
1107;287 
1494;287 
1629;287 
1144;287 
2330;287 
1308;287 
941;287 
1160;287 
1171;287 
1465;287 
1350;287 
1631;287 
1299;287 
1274;287 
1122;287 
1591;288 
1246;287 
1716;287 
1564;288 
1140;287 
1634;287 
2870;287 
1328;288 
1153;287 
884;287 
1199;287 
1916;287 
1317;287 
1071;287 
1416;287 
1407;287 
1052;287 
1237;287 
3606;287 
1169;287 
917;287 
1251;287 
1584;287 
1268;289 
997;287 
872;287 
1761;287 
1012;287 
905;287 
1030;287 
1756;287 
1504;287 
648;288 
1500;287 
1384;287 
1664;288 
1270;289 
1587;287 
1398;288 
1021;287 
1076;287 
1664;287 
1032;287 
1880;287 
1214;287 
1505;287 
1048;287 
1410;287 
1776;287 
888;287 
1154;287 
1800;287 
1376;287 
1300;288 
1285;287 
1398;287 
1238;287 
1422;287 
1163;287 
1387;287 
1126;287 
1003;288 
1316;287 
1826;287 
1012;288 
1073;288 
1389;287 
973;287 
2957;287 
1259;287 
1070;287 
1725;287 
1129;287 
987;287 
1404;288 
1368;287 
1007;287 
1180;287 
1137;287 
1368;287 
1025;287 
1889;287 
1393;287 
1647;287 
900;287 
750;287 
1008;287 
889;287 
1309;287 
1067;287 
1948;287 
1198;288 
1234;287 
1250;287 
893;287 
770;287 
1414;287 
1081;287 
1460;287 
1445;288 
801;287 
1021;287 
1418;287 
1735;287 
1002;287 
897;287 
1685;287 
1187;287 
909;287 
2220;287 
1112;287 
2364;287 
1808;287 
1221;287 
1487;287 
1029;287 
1284;287 
1058;287 
1586;287 
1641;287 
1802;287 
1232;287 
930;287 
1267;287 
1400;287 
1980;288 
3701;287 
2736;287 
1017;287 
1181;287 
1364;287 
1237;287 
1001;287 
1347;287 
2528;287 
1008;288 
1206;287 
1184;287 
767;287 
1220;287 
1390;287 
1572;287 
1535;287 
3261;287 
990;287 
1000;287 
943;287 
1222;287 
1416;287 
1289;287 
995;287 
1242;287 
1010;287 
1126;287 
1026;287 
1668;287 
1345;287 
1173;288 
2670;287 
1252;287 
1374;287 
890;287 
1569;288 
1064;287 
1230;287 
1651;287 
1332;287 
2627;287 
1152;287 
1389;287 
3700;287 
1953;287 
3002;288 
1433;287 
1634;287 
1786;287 
1173;287 
874;287 
1779;287 
1087;287 
1310;287 
1932;287 
3359;287 
1653;287 
2262;287 
1240;287 
1126;287 
1305;288 
1021;287 
1140;287 
1848;287 
1323;287 
1036;287 
1167;287 
1430;287 
1236;287 
1180;288 
862;287 
1383;287 
1773;287 
1790;287 
2384;287 
1036;287 
1151;287 
791;287 
1067;287 
2756;287 
998;287 
1205;287 
1320;287 
1010;287 
1039;287 
1522;287 
1507;287 
1182;287 
3401;287 
1425;287 
1047;287 
1280;287 
1267;287 
997;287 
1189;287 
1894;287 
936;288 
1122;287 
2455;287 
1513;287 
1286;287 
1237;287 
1374;287 
783;288 
1356;287 
1510;287 
1796;287 
921;287 
1011;287 
1135;287 
1299;287 
1846;287 
1280;287 
1129;287 
1019;287 
1042;287 
1457;287 
1915;287 
1265;287 
1064;287 
1494;287 
1192;287 
1075;287 
1366;287 
1417;287 
1004;288 
3864;287 
1201;287 
962;287 
1524;287 
2014;288 
1250;287 
1317;287 
2014;288 
1155;287 
1269;287 
1210;287 
1185;287 
1349;287 
1858;287 
1715;287 
1210;287 
1135;287 
1697;287 
1410;287 
1403;287 
1129;287 
2461;287 
1331;287 
1788;287 
1494;287 
1553;287 
2245;288 
1535;287 
1337;287 
983;287 
953;287 
1550;287 
1774;287 
837;287 
1202;287 
2366;287 
1224;287 
1639;287 
1608;287 
907;287 
3891;287 
1362;288 
1029;287 
1410;287 
1188;287 
1159;288 
1533;287 
1377;287 
1365;287 
1445;287 
3249;287 
1427;288 
1056;287 
1049;287 
1458;287 
1565;288 
1400;287 
1561;287 
1373;287 
1196;287 
1078;287 
1547;287 
1545;287 
1284;287 
1487;287 
1231;287 
1667;288 
2019;288 
1484;287 
1169;287 
3063;287 
616;287 
1038;287 
1755;287 
1172;287 
1413;287 
2968;287 
1409;287 
1696;287 
811;287 
1315;287 
1030;288 
1202;287 
1097;287 
992;287 
1329;287 
779;287 
2085;288 
884;288 
1165;287 
1684;287 
1387;287 
1525;287 
3594;287 
1411;287 
1437;287 
1215;287 
1470;287 
1458;287 
869;287 
1449;287 
815;287 
1101;287 
1480;287 
1004;287 
895;287 
983;287 
1909;287 
754;287 
3003;287 
919;287 
1150;287 
1715;287 
1308;288 
1536;287 
1231;287 
1173;287 
1114;287 
1017;288 
1148;287 
1646;287 
3514;287 
1353;288 
1156;287 
1586;288 
1747;287 
1420;287 
1579;287 
926;287 
1367;287 
2241;288 
1103;287 
868;287 
1155;287 
1617;287 
1108;287 
3047;287 
1850;287 
1230;287 
1537;287 
981;288 
1266;287 
881;287 
927;288 
1577;288 
1688;287 
1391;287 
1526;287 
1195;287 
1683;287 
1202;287 
1531;287 
1738;287 
868;287 
1348;287 
1339;287 
1417;287 
894;287 
3281;287 
2624;287 
1784;287 
1904;287 
1171;287 
2681;287 
1169;287 
1426;287 
1109;287 
1144;288 
1086;287 
1417;287 
1147;287 
1344;287 
1131;287 
1903;287 
1272;287 
1526;287 
1109;287 
1275;287 
1588;287 
1690;288 
1143;287 
1654;287 
1057;287 
1551;287 
1558;287 
1517;287 
991;288 
1287;287 
1622;287 
964;287 
1202;287 
1608;287 
1301;287 
1028;288 
1089;287 
1391;287 
1162;287 
1421;287 
1336;287 
1699;287 
1114;287 
1272;287 
1758;287 
1498;288 
1353;287 
1269;287 
1140;287 
1201;287 
1110;287 
1788;287 
1576;287 
1560;287 
922;287 
774;287 
885;287 
1693;287 
1026;287 
1014;287 
866;287 
3756;287 
1517;287 
609;287 
750;287 
913;287 
1132;287 
1473;287 
1397;287 
1250;287 
1541;287 
1297;287 
1234;287 
957;287 
1702;287 
1342;287 
1025;287 
1849;287 
908;287 
1382;287 
883;287 
1412;287 
1662;287 
1222;287 
918;287 
1165;287 
1442;288 
1474;287 
1590;287 
1200;287 
1011;287 
1588;288 
1465;287 
1026;287 
1458;287 
1041;287 
1306;287 
1410;287 
865;287 
1586;287 
1132;287 
1768;287 
1142;287 
1599;287 
785;287 
1734;287 
1065;287 
1547;287 
998;287 
1230;287 
1573;287 
1766;287 
854;287 
1150;287 
1387;287 
1442;287 
1539;287 
1806;287 
1680;287 
1180;288 
1098;287 
1149;287 
1224;287 
1185;288 
1451;288 
1154;287 
1257;287 
2280;287 
2276;287 
1174;287 
1388;287 
1070;287 
1569;287 
1346;287 
1279;287 
2646;287 
1100;287 
1249;287 
880;287 
1037;287 
1607;287 
1874;287 
1140;287 
1193;287 
1193;287 
1297;287 
2809;287 
1398;287 
1747;287 
1395;287 
1145;287 
1596;287 
1574;287 
1363;287 
1250;287 
1914;287 
1150;287 
1140;287 
997;287 
1406;287 
1163;287 
2230;287 
1747;287 
1320;287 
1422;287 
3262;287 
1709;287 
1175;287 
1194;287 
992;288 
734;287 
1141;287 
1279;287 
1055;287 
1057;287 
1018;287 
998;287 
889;287 
1330;287 
1024;287 
1093;287 
1104;287 
1151;287 
1446;287 
1026;287 
1221;287 
882;287 
1155;287 
1181;288 
2225;287 
3606;288 
1006;288 
1266;287 
968;287 
3576;287 
762;287 
1429;287 
1092;287 
1078;287 
1242;287 
1338;287 
1488;287 
1035;287 
3692;287 
1207;287 
1325;287 
1624;287 
1136;287 
1393;287 
1170;287 
1662;287 
1264;287 
1344;287 
1374;287 
1744;287 
1151;287 
1107;287 
1087;287 
1834;287 
1355;287 
1367;287 
1549;287 
983;287 
1892;287 
1469;287 
1253;287 
1597;287 
1162;287 
1058;287 
1396;287 
2048;287 
1138;287 
1484;287 
1358;287 
1162;287 
1019;287 
879;288 
794;288 
1708;287 
1202;287 
1095;287 
1852;287 
1669;287 
1484;288 
1395;287 
1669;287 
1223;287 
1354;287 
1381;287 
1384;287 
992;287 
1501;287 
1389;287 
1564;287 
1211;287 
736;287 
1173;287 
1427;287 
1571;287 
1431;287 
1201;287 
1099;287 
1197;287 
1703;288 
1004;287 
1409;287 
1233;287 
3250;287 
1128;287 
874;287 
1350;287 
3403;287 
1351;287 
902;287 
2008;288 
1634;288 
863;287 
1217;287 
1748;287 
1471;288 
1623;287 
1478;288 
1537;287 
768;287 
1379;287 
2660;287 
1537;287 
1302;288 
1042;287 
2507;287 
1341;289 
1929;287 
1467;287 
1129;287 
1404;287 
1464;287 
917;287 
3698;287 
1058;287 
1188;287 
1036;287 
4212;287 
1281;287 
1445;287 
1572;288 
902;287 
820;287 
1872;287 
1269;287 
1700;287 
1321;287 
1153;287 
3096;287 
1484;287 
1636;287 
1269;287 
1183;287 
1456;288 
1581;287 
1272;287 
1009;287 
1454;287 
1283;287 
1161;287 
2270;287 
752;287 
1673;287 
624;287 
1005;287 
1136;287 
1143;287 
1025;287 
1897;288 
1204;287 
1420;287 
1538;287 
1035;287 
999;287 
3219;287 
892;287 
995;287 
1701;287 
3210;287 
1598;288 
3351;287 
1051;287 
1126;287 
971;287 
1527;287 
1262;287 
1155;287 
2975;287 
1157;287 
2580;287 
1760;287 
1176;287 
1160;287 
1409;287 
1169;287 
1804;287 
1217;287 
1172;287 
896;287 
1397;287 
1293;287 
1573;287 
1243;287 
1036;287 
1244;287 
1250;287 
3297;287 
1449;287 
1392;288 
1222;287 
1873;287 
1421;287 
1034;287 
2866;287 
933;287 
921;287 
1024;287 
1505;287 
1234;287 
1475;287 
1861;287 
1131;287 
1438;287 
1310;287 
1160;287 
1290;287 
1157;287 
1710;287 
1957;287 
1407;287 
1019;287 
1304;287 
1134;287 
1787;288 
1492;287 
1164;287 
1207;287 
1086;287 
1270;287 
1140;288 
1558;287 
1131;287 
1674;287 
1129;287 
1417;287 
1013;287 
1545;288 
1868;288 
1025;287 
1163;287 
1278;287 
1080;287 
1181;287 
1729;287 
1670;287 
1615;287 
2639;288 
1336;287 
1413;287 
1455;287 
1293;287 
1192;287 
1295;287 
1279;287 
1124;288 
1273;287 
1367;287 
1169;287 
1448;287 
1540;287 
855;287 
2546;287 
1430;287 
1429;287 
1602;287 
1488;288 
1497;287 
1183;287 
1396;287 
1403;287 
886;287 
1359;287 
1310;287 
1525;287 
986;287 
1401;287 
1265;288 
983;287 
1753;287 
1136;287 
1307;287 
1245;287 
887;287 
3707;287 
904;287 
1462;287 
1116;287 
1143;287 
864;287 
1155;288 
3202;287 
1049;287 
958;287 
1595;287 
1469;288 
1400;287 
1315;287 
1995;287 
3322;287 
1147;287 
1354;287 
1480;287 
1125;288 
1423;287 
1438;287 
1056;287 
1241;287 
1181;287 
1310;287 
1383;287 
1600;287 
1289;287 
1181;287 
1475;287 
985;287 
1579;287 
1126;287 
996;287 
1419;287 
599;287 
1062;287 
3355;288 
3074;287 
1248;287 
1107;287 
1192;287 
1410;287 
1402;287 
1074;287 
1627;287 
2664;287 
1239;287 
1136;287 
791;287 
1977;288 
1259;287 
1275;287 
1607;287 
1037;287 
1089;287 
1718;287 
1128;287 
1911;287 
1289;287 
1327;287 
1577;287 
1155;287 
1822;287 
2390;287 
1623;287 
1137;287 
1648;287 
1158;287 
1283;287 
940;287 
1279;287 
1209;287 
1457;287 
1372;288 
1224;287 
3372;287 
1438;287 
1307;287 
1318;287 
1135;287 
1248;287 
1033;287 
871;287 
1503;287 
1657;287 
1226;287 
746;287 
892;287 
776;287 
1140;287 
876;288 
1319;288 
1357;288 
1168;287 
764;287 
1512;287 
2931;287 
1050;287 
1369;287 
1470;287 
2152;287 
1758;287 
1530;287 
1593;287 
1675;287 
1154;287 
1053;287 
998;287 
1918;287 
1035;287 
1344;287 
910;287 
1737;287 
859;287 
916;287 
729;287 
1335;287 
2009;287 
1196;287 
1041;287 
837;288 
1020;287 
1501;287 
1408;287 
1497;287 
1228;288 
1054;287 
1285;287 
1676;287 
922;287 
904;287 
1344;287 
1153;287 
1685;287 
1298;287 
1480;287 
1250;287 
1014;287 
1409;287 
745;287 
1098;287 
864;287 
1265;287 
1443;287 
1402;287 
1255;287 
1760;288 
1127;287 
948;287 
1376;287 
1263;287 
978;287 
1396;287 
1046;287 
1762;287 
1817;287 
909;288 
989;287 
1401;288 
1027;287 
1682;287 
1164;287 
908;287 
1255;288 
1425;287 
1290;288 
1130;287 
2131;287 
1004;287 
1482;287 
2200;288 
1712;287 
1308;287 
1148;287 
893;287 
1051;287 
1161;287 
1186;287 
1017;287 
1426;287 
1016;287 
1456;287 
1519;287 
2069;289 
2864;287 
1264;287 
1338;287 
798;287 
1436;287 
1155;287 
1204;287 
1652;287 
1668;287 
1369;287 
1474;287 
1311;287 
1259;287 
1670;287 
1288;287 
1320;287 
748;287 
1149;287 
3840;287 
3074;287 
1689;287 
1151;287 
1761;287 
1606;287 
619;287 
1142;287 
1287;287 
1065;287 
1287;287 
1321;287 
1587;287 
1770;287 
967;287 
885;287 
1049;287 
1044;287 
756;287 
1338;287 
882;287 
1465;287 
1236;287 
1132;287 
1369;287 
1485;287 
1364;287 
1307;287 
1563;287 
1158;287 
1261;287 
1618;287 
1585;287 
1178;287 
1825;287 
1319;288 
902;287 
1039;287 
1743;287 
852;287 
1269;287 
1672;287 
1434;287 
1523;287 
1054;287 
1832;288 
1649;287 
1136;287 
1018;287 
889;287 
1562;287 
1326;287 
905;287 
1056;287 
1150;287 
881;287 
775;287 
1153;287 
1290;287 
1178;287 
3003;287 
1053;288 
1067;287 
1001;288 
1340;287 
1211;287 
1799;287 
3568;287 
1264;287 
794;288 
882;287 
828;287 
1520;287 
889;287 
1032;287 
1472;287 
1190;287 
1744;287 
1275;287 
3724;287 
1251;287 
1815;287 
1433;287 
1597;287 
1058;287 
1013;287 
1372;287 
1258;287 
1138;287 
1280;287 
1356;287 
1598;287 
1202;287 
1283;287 
1279;287 
1193;287 
1266;287 
1461;288 
1512;287 
2631;287 
1665;287 
1759;287 
782;287 
1144;287 
2581;288 
1187;287 
1356;287 
1027;287 
1306;287 
1569;288 
1069;287 
1614;287 
1265;287 
1215;287 
1272;287 
897;287 
1675;287 
868;287 
1126;287 
1136;287 
1033;287 
970;287 
1463;287 
1170;287 
861;287 
1079;287 
1247;287 
1034;287 
1055;287 
2916;287 
2017;287 
3457;287 
1018;288 
2790;287 
2700;287 
2380;287 
1630;287 
924;287 
1167;287 
997;287 
1580;288 
1013;287 
783;287 
1025;287 
1381;287 
1271;287 
1307;287 
1631;287 
1014;287 
1121;287 
648;287 
939;287 
1665;287 
1266;287 
1379;287 
1150;287 
1975;287 
1199;287 
1381;287 
1011;287 
1117;289 
924;287 
1241;287 
1107;287 
1629;287 
1123;287 
1161;289 
1042;287 
1009;287 
1135;287 
1361;287 
1274;287 
782;287 
1502;287 
1244;287 
2678;287 
1137;287 
864;287 
1495;287 
1487;287 
1142;288 
2021;287 
1293;288 
1162;287 
1808;287 
3067;287 
940;287 
1416;287 
613;287 
1071;287 
908;288 
768;287 
1136;288 
1416;288 
1060;287 
3649;287 
2218;288 
1280;287 
3205;287 
3654;287 
1796;287 
1432;287 
1142;287 
1175;287 
1501;287 
1778;287 
1313;287 
980;287 
2697;287 
1024;287 
1659;287 
1657;288 
1787;287 
1070;287 
1529;289 
867;287 
1081;287 
1161;287 
1280;287 
1037;287 
1663;288 
1005;287 
1078;287 
1482;287 
1302;287 
1563;287 
885;287 
2945;287 
1432;287 
1440;287 
1270;287 
1123;288 
1686;287 
1636;287 
1234;287 
1454;287 
1263;287 
1227;287 
1151;287 
3881;287 
1294;287 
1206;287 
1521;287 
1029;288 
1284;287 
1388;287 
1717;287 
867;287 
749;287 
3141;287 
1273;287 
1080;287 
1591;287 
1288;288 
1548;288 
1693;287 
1606;287 
1453;288 
1164;288 
1132;287 
1525;287 
3269;287 
948;287 
1192;287 
1742;287 
1260;287 
992;288 
1283;287 
1169;287 
1023;287 
1727;287 
1387;287 
2065;287 
1952;287 
1248;287 
947;287 
3651;287 
1693;287 
948;287 
1113;287 
796;287 
1281;288 
3354;287 
1008;287 
1340;287 
1304;287 
1200;287 
986;287 
1490;287 
996;287 
1806;287 
1411;287 
1461;287 
1234;287 
1312;287 
1299;287 
865;287 
828;287 
1886;287 
1312;287 
1066;287 
1272;287 
1507;287 
1765;287 
1444;287 
1719;287 
3290;287 
1566;287 
1144;287 
841;287 
1167;287 
2131;287 
1267;287 
998;287 
1271;287 
1018;287 
899;287 
1369;287 
1059;287 
1775;287 
1423;288 
1162;287 
1181;287 
1157;287 
1204;287 
1704;287 
1030;287 
1673;287 
1088;287 
1186;287 
1692;287 
1125;287 
1300;287 
1015;288 
1656;287 
1641;287 
1144;287 
1556;287 
1331;287 
878;287 
785;287 
1129;287 
1265;287 
1188;287 
1284;287 
1054;287 
1738;287 
1307;287 
1825;288 
1142;287 
1408;287 
1294;287 
1256;287 
1755;287 
1123;287 
1413;287 
1621;287 
1199;288 
1274;287 
1153;287 
1014;287 
1265;287 
613;287 
1706;287 
1179;288 
960;287 
1117;287 
1868;288 
1083;287 
1933;287 
1266;287 
1156;287 
1246;287 
1428;287 
1234;288 
1094;287 
2779;288 
852;287 
1021;287 
1595;287 
1132;287 
1361;287 
1661;287 
1115;288 
1458;288 
1191;287 
1565;287 
1771;287 
1609;287 
1473;287 
1174;287 
1595;287 
619;287 
1651;287 
1229;287 
1007;287 
1385;287 
1343;287 
920;287 
992;287 
1567;287 
1000;287 
916;287 
1314;287 
3052;287 
1661;287 
1023;287 
1065;288 
1499;287 
1098;287 
1301;287 
1309;287 
1109;287 
965;287 
1437;287 
1552;287 
1251;287 
1650;287 
1493;287 
1807;288 
2189;287 
3661;287 
1292;287 
1097;287 
1155;287 
1305;287 
885;288 
1428;287 
1002;287 
1753;288 
1221;287 
1153;287 
1001;287 
1557;287 
922;287 
1291;287 
1182;287 
1238;287 
1541;287 
1213;287 
3421;287 
1713;287 
1263;287 
1605;287 
1205;287 
2059;288 
1291;287 
1638;287 
1151;287 
898;287 
1607;287 
1103;287 
1446;287 
1641;287 
1146;287 
1169;287 
3045;287 
1109;287 
1559;287 
1419;287 
1314;287 
1636;287 
948;288 
1279;288 
1422;287 
1151;287 
1039;287 
1317;288 
954;287 
991;288 
1534;288 
1269;287 
2174;287 
1169;287 
943;287 
1654;289 
989;287 
865;287 
1360;287 
1313;287 
1296;287 
1136;287 
1178;287 
1005;287 
1651;287 
1419;287 
631;287 
1452;287 
1749;287 
1071;287 
1239;287 
1165;287 
837;287 
1442;287 
1141;287 
1459;287 
1177;287 
1446;287 
1716;287 
885;287 
1155;287 
914;287 
1657;287 
1137;287 
997;287 
781;287 
1930;287 
1379;288 
3359;287 
1156;288 
881;287 
1024;288 
1121;287 
1401;287 
1186;287 
1037;287 
1088;288 
1351;287 
1412;288 
938;287 
1867;287 
1028;287 
1066;287 
1448;288 
899;287 
1189;287 
1437;287 
1175;288 
1450;287 
891;287 
1038;287 
1009;287 
1528;287 
1318;287 
1244;287 
1293;287 
1213;287 
738;287 
1418;288 
1001;287 
1478;287 
1339;287 
1500;287 
1590;287 
1586;289 
1715;287 
1496;287 
1405;287 
880;287 
1233;287 
1052;287 
1433;287 
1106;287 
866;287 
1053;287 
1720;287 
1604;287 
1525;287 
2439;287 
1228;287 
1117;287 
1260;288 
1354;287 
1030;287 
1716;287 
1458;287 
1670;287 
1497;288 
1774;287 
886;287 
1375;287 
1093;287 
1212;287 
1168;287 
870;287 
1243;287 
1566;287 
1108;287 
1406;287 
1362;287 
1489;287 
1696;287 
1160;287 
1215;287 
986;287 
968;287 
1170;288 
1383;287 
1253;287 
1286;287 
1008;287 
1147;287 
852;287 
914;287 
1107;287 
1090;287 
1299;287 
1004;288 
3433;287 
901;287 
1044;287 
1936;287 
1145;289 
3584;288 
1474;288 
1576;287 
1336;287 
1602;287 
1759;287 
1460;287 
1203;287 
1031;287 
1518;287 
1161;288 
1509;287 
996;287 
1001;287 
1692;287 
1375;287 
931;287 
1118;287 
1247;287 
1413;287 
1578;287 
1301;287 
1756;287 
1414;287 
1314;287 
1715;287 
1802;287 
3303;287 
3013;287 
1539;288 
1608;287 
1456;287 
1273;289 
1733;287 
1135;287 
865;287 
1100;287 
1643;287 
868;287 
1423;287 
922;287 
1313;287 
1523;287 
1416;287 
1022;287 
1463;287 
1385;287 
1044;287 
1728;287 
1164;287 
1821;288 
1053;289 
868;287 
1411;287 
1291;287 
996;287 
1038;287 
1820;287 
1183;287 
1175;287 
1476;287 
1046;287 
1331;287 
1109;287 
911;287 
1157;287 
1649;287 
1779;287 
1530;288 
1033;287 
1314;288 
858;287 
1023;287 
1487;287 
1136;287 
1167;287 
1233;287 
1143;287 
1044;287 
1277;287 
1038;287 
1091;287 
3425;287 
774;288 
1127;287 
1369;288 
1107;287 
756;287 
884;287 
1354;287 
1414;287 
1157;287 
916;288 
1533;287 
1562;287 
1477;287 
1113;287 
3666;287 
1286;287 
1005;287 
1551;287 
1428;287 
1383;287 
1853;287 
1127;287 
1818;287 
1190;287 
1396;287 
1263;287 
1182;287 
1558;287 
1639;287 
1620;287 
1419;288 
2864;287 
1690;287 
1007;287 
1270;287 
917;287 
1735;287 
1463;288 
1206;288 
2963;287 
1391;288 
1399;287 
1181;287 
1138;287 
1148;287 
1618;287 
1237;287 
1206;287 
1026;287 
1051;287 
1166;287 
1254;287 
1139;287 
1810;287 
1017;287 
1398;287 
1419;287 
1531;287 
793;287 
1398;287 
1168;287 
1188;287 
2734;287 
2625;287 
1431;287 
1140;287 
1115;287 
1226;287 
1474;287 
1094;287 
1513;287 
1445;288 
1267;287 
2274;287 
946;287 
3071;287 
1395;287 
1054;287 
1268;287 
1517;287 
1571;287 
1438;287 
1504;287 
1306;288 
1919;287 
916;287 
1324;287 
1031;287 
912;287 
1280;287 
981;287 
1223;287 
1332;287 
1239;287 
1633;287 
1132;287 
1309;287 
1161;287 
1527;287 
912;287 
1006;287 
1236;287 
1291;287 
2049;287 
1402;288 
1190;287 
1165;287 
1170;287 
1980;287 
1378;287 
949;288 
1065;288 
3433;288 
1145;287 
1253;287 
1401;287 
2318;288 
1767;287 
1114;287 
1962;288 
1268;287 
1734;287 
1052;287 
1581;287 
1401;287 
2758;288 
1264;287 
1518;287 
1622;287 
1251;287 
3553;287 
1474;287 
1033;287 
1125;287 
1722;288 
1249;287 
1616;287 
1416;288 
1533;287 
1492;287 
1217;288 
960;287 
1412;287 
1290;287 
1398;287 
966;287 
1121;287 
1460;287 
1415;287 
1213;287 
879;287 
1169;287 
1602;289 
1690;288 
2031;287 
1487;287 
1776;287 
1062;287 
1658;287 
1663;287 
1840;287 
1141;287 
1015;287 
906;287 
1047;287 
1438;287 
1014;287 
1788;287 
1903;287 
1300;287 
1579;287 
1441;287 
1054;287 
1165;287 
1231;288 
1532;287 
1408;287 
1162;288 
1036;287 
1738;287 
1168;287 
1272;287 
1013;287 
3810;287 
1775;287 
1260;287 
872;287 
1152;287 
803;287 
1431;288 
1058;287 
1408;288 
1183;287 
1619;287 
1876;287 
1218;287 
1312;287 
876;287 
988;287 
828;288 
914;287 
895;288 
1178;287 
1270;287 
1183;287 
1096;287 
993;288 
1221;287 
1192;287 
2172;287 
1311;287 
1328;288 
1388;288 
1497;287 
1049;287 
1329;287 
1300;287 
872;287 
3625;288 
1280;287 
895;287 
1268;287 
1017;287 
904;287 
1526;288 
1444;287 
1585;288 
1741;287 
1281;287 
1135;287 
989;287 
952;287 
1570;287 
1348;287 
1030;287 
1610;287 
1602;287 
1302;287 
1279;288 
1575;287 
1368;288 
1063;287 
1281;287 
1137;287 
1227;287 
7938;287 
1442;287 
1119;287 
760;287 
2745;287 
1287;287 
1245;287 
1234;287 
1019;288 
1129;287 
1420;287 
2210;287 
1007;288 
1847;287 
1801;287 
974;287 
1674;287 
3384;288 
1598;287 
1350;287 
1020;287 
2835;288 
3617;287 
1384;287 
3274;287 
1033;288 
1660;287 
1170;287 
1649;287 
897;287 
2973;287 
1404;287 
1712;287 
1016;288 
1124;287 
1167;287 
1152;287 
1845;287 
2072;287 
1125;287 
1182;287 
1203;287 
1498;287 
884;287 
1274;287 
1128;287 
1110;287 
1736;287 
1411;287 
1452;287 
1421;287 
1095;287 
1520;287 
1800;287 
1134;287 
1192;287 
1917;287 
1739;288 
1020;287 
1739;288 
1370;287 
1474;287 
2944;287 
755;287 
1730;288 
1734;287 
2245;287 
1236;287 
1355;287 
871;287 
1033;288 
765;287 
1156;287 
3125;287 
1009;287 
1154;287 
1135;287 
1150;287 
1177;287 
1287;287 
950;287 
2501;287 
1476;287 
1022;287 
1263;287 
1160;287 
1404;287 
1148;287 
941;287 
1206;287 
1046;287 
850;287 
1639;287 
1006;287 
1338;287 
1670;287 
1104;287 
932;287 
1348;287 
1267;287 
1264;287 
1558;287 
1090;287 
894;287 
1162;287 
1249;288 
1884;287 
1852;287 
964;287 
1283;287 
4102;288 
1227;287 
1278;287 
1436;287 
1178;287 
1178;287 
1634;287 
1380;287 
1119;287 
1456;288 
1169;287 
1920;287 
1520;287 
1527;287 
1541;287 
1333;287 
1789;287 
1111;287 
1632;287 
1908;287 
881;288 
1359;287 
1619;287 
1775;287 
894;287 
1164;287 
977;287 
1106;287 
1883;287 
1347;287 
1187;287 
1439;287 
899;287 
1593;287 
1550;287 
1412;287 
1160;288 
1192;287 
1504;287 
1811;287 
1457;287 
1243;287 
1784;287 
1322;287 
1380;287 
2185;287 
1420;287 
1406;288 
1420;287 
1734;287 
2522;287 
1175;287 
1264;287 
885;287 
1775;287 
1263;288 
1244;287 
1512;287 
1228;287 
1288;288 
1033;287 
1750;287 
885;287 
1129;287 
1500;287 
1034;287 
1184;287 
1046;287 
1465;287 
740;287 
3006;287 
1583;287 
1423;287 
2060;287 
1014;287 
1258;287 
2002;287 
1318;287 
1064;287 
1558;287 
1196;287 
1496;287 
1308;287 
1073;287 
879;287 
917;287 
1158;287 
985;287 
881;287 
1319;287 
958;287 
1417;287 
1334;287 
1478;287 
1275;287 
2010;287 
2110;287 
1134;288 
1518;288 
1133;287 
1596;288 
988;287 
1270;287 
1590;287 
1848;287 
1673;288 
2513;287 
1435;287 
944;287 
1308;287 
1191;287 
1563;287 
1340;287 
883;287 
902;287 
1007;287 
998;287 
983;287 
1787;288 
1526;287 
1317;287 
1254;287 
1189;287 
1153;287 
1432;287 
1051;287 
4115;287 
1297;287 
842;287 
751;287 
1777;287 
1361;287 
1058;287 
1174;287 
2023;287 
1610;287 
1396;287 
1161;287 
1777;287 
1380;287 
2305;287 
948;287 
1129;287 
1004;287 
1152;287 
1131;287 
1121;287 
1359;287 
1831;287 
1554;287 
1954;287 
905;287 
1374;287 
1146;287 
1118;287 
1460;288 
1007;287 
1245;287 
1177;287 
1056;287 
1575;287 
1140;287 
3293;287 
1036;288 
1161;287 
1445;287 
1440;287 
1752;287 
871;287 
1236;287 
1019;287 
1167;287 
1663;287 
1152;287 
1515;287 
1280;287 
1580;287 
760;287 
1822;287 
863;287 
1382;287 
1846;287 
1004;287 
925;287 
615;287 
1564;287 
845;287 
1162;287 
1247;287 
1249;287 
1256;287 
1465;287 
1629;287 
1332;287 
1393;287 
1101;287 
1496;287 
1386;287 
1337;287 
742;287 
1704;287 
624;287 
1326;287 
1483;287 
1281;287 
1112;287 
1120;287 
1506;287 
1223;287 
1632;287 
1617;287 
1403;287 
1898;287 
1767;287 
1350;287 
1802;287 
1374;287 
1389;287 
1641;288 
1256;287 
892;287 
1213;287 
1638;287 
1032;287 
1792;287 
1472;287 
1177;287 
1727;288 
1382;287 
1129;287 
1425;287 
3240;287 
1487;287 
1178;287 
732;287 
1566;287 
1762;287 
1426;287 
1295;287 
1464;288 
854;287 
1007;287 
884;287 
1523;288 
1046;287 
971;287 
1593;287 
1126;287 
1330;287 
1610;287 
1406;288 
1974;287 
1564;287 
2547;287 
1738;287 
2263;287 
1695;287 
801;287 
2117;287 
1199;287 
2226;287 
1130;287 
1071;287 
1576;287 
1123;287 
1424;287 
783;287 
931;287 
1300;287 
784;287 
965;287 
1211;287 
1262;287 
1647;287 
1283;287 
1048;287 
1056;287 
1112;287 
1238;287 
1145;287 
886;287 
1230;287 
1145;287 
1771;287 
986;287 
804;287 
1287;287 
1360;287 
1134;287 
905;287 
1049;287 
1451;287 
1256;287 
1359;287 
1415;287 
1043;287 
606;287 
1691;287 
1101;288 
1107;287 
1130;287 
1610;287 
1043;287 
988;287 
1135;287 
1192;288 
1167;287 
926;288 
1186;287 
1016;287 
1672;287 
1508;287 
924;287 
1171;287 
1121;287 
1003;287 
1154;287 
1260;287 
1363;287 
1145;287 
1824;287 
3923;287 
1147;287 
863;287 
1375;287 
1916;287 
1296;287 
1312;287 
1191;287 
1012;287 
1290;287 
2125;287 
1270;287 
1169;287 
1646;287 
969;287 
1000;287 
2435;287 
1265;287 
1186;287 
1205;288 
1017;287 
1521;287 
1102;287 
1493;287 
1541;287 
1227;287 
1784;287 
1439;287 
1795;287 
1427;287 
1282;287 
1451;287 
1274;287 
1273;287 
1006;287 
1631;287 
1172;287 
1680;289 
1207;287 
857;287 
1277;287 
1163;287 
1621;287 
1237;287 
1586;287 
996;287 
1189;287 
1212;287 
1143;288 
915;287 
1206;287 
1544;287 
1231;287 
1539;287 
1179;287 
1399;287 
765;287 
1136;287 
940;288 
3392;287 
1575;287 
1197;288 
927;287 
1469;288 
936;287 
1421;287 
1244;287 
1144;287 
1359;287 
1101;287 
1334;287 
1420;287 
1863;287 
903;287 
1268;287 
1286;288 
1336;287 
2062;287 
1179;287 
905;287 
1797;287 
1633;287 
1413;288 
1243;287 
951;287 
1053;287 
1430;287 
1082;287 
1046;287 
1137;287 
1111;288 
908;287 
859;287 
1109;288 
1194;287 
1189;287 
1036;287 
1339;287 
1144;287 
995;288 
1224;287 
1899;287 
1862;287 
1515;287 
1646;287 
1732;287 
1189;287 
1797;289 
869;288 
1511;287 
1664;287 
1155;289 
1422;287 
1007;287 
595;287 
1248;287 
1315;287 
1353;287 
897;287 
1253;288 
887;287 
1536;287 
1036;287 
1076;287 
998;287 
1330;287 
1044;287 
1132;287 
1324;287 
1266;287 
1012;287 
1020;287 
1401;287 
1575;287 
1190;287 
1009;287 
2159;287 
1378;287 
1536;288 
1348;287 
1037;287 
1296;287 
829;287 
2975;287 
1143;287 
1004;287 
1624;287 
1270;287 
1324;287 
1218;287 
1797;287 
3403;287 
1189;287 
1430;287 
955;287 
1327;287 
991;287 
1148;287 
937;287 
1854;287 
1043;288 
1183;287 
1318;287 
1262;287 
1858;287 
1840;287 
1344;287 
1258;287 
1034;287 
962;287 
1528;287 
2085;287 
1135;287 
905;287 
964;287 
922;287 
1043;287 
932;287 
1487;287 
1564;287 
903;287 
1655;287 
1402;287 
1251;287 
1094;287 
1100;287 
1823;288 
1314;287 
1039;287 
1336;287 
1714;288 
1204;287 
1130;287 
1464;287 
1095;287 
1711;287 
2434;287 
1850;287 
1606;288 
1200;288 
1201;287 
724;287 
1169;287 
1206;287 
1519;288 
1252;287 
1182;287 
3856;287 
1268;287 
1655;287 
1216;287 
1851;287 
1409;287 
1274;287 
1441;287 
1538;287 
1082;287 
972;287 
857;287 
1521;287 
1709;287 
1578;288 
926;287 
1067;287 
1123;287 
1375;287 
737;287 
1406;287 
1671;287 
968;287 
1076;287 
1301;287 
1264;287 
3872;287 
1689;287 
1041;287 
2199;287 
1648;287 
902;287 
1034;287 
2816;287 
1276;287 
1056;287 
744;287 
1130;287 
1425;287 
987;287 
894;287 
1039;287 
1637;288 
1368;287 
1180;287 
1222;287 
1032;287 
1078;287 
1636;288 
1342;287 
965;287 
1531;287 
1258;287 
1435;287 
795;287 
1221;287 
1670;287 
1342;287 
1175;288 
1433;287 
1262;287 
1684;287 
3168;287 
1278;287 
1008;287 
1890;287 
1085;287 
1184;287 
1342;287 
1500;287 
1433;287 
1542;287 
1021;287 
1008;287 
1170;288 
1084;287 
873;288 
868;287 
791;287 
1394;287 
1546;287 
1257;287 
883;287 
1224;287 
1143;287 
974;287 
1137;287 
1180;287 
1156;287 
1314;287 
1394;287 
1361;287 
2880;287 
3178;287 
994;287 
1247;287 
989;287 
1027;287 
1342;287 
1169;287 
1831;287 
1539;287 
1227;287 
1007;287 
1041;287 
1397;287 
1912;287 
1126;287 
1644;287 
1183;287 
1051;287 
1110;287 
1721;287 
1156;287 
1053;287 
1177;287 
1157;287 
952;287 
859;287 
1154;287 
1564;288 
1117;287 
1652;287 
1245;287 
1596;287 
776;287 
1011;287 
1547;287 
1655;287 
1333;287 
1373;288 
3064;287 
1156;287 
3800;287 
830;287 
1515;287 
1279;287 
1608;287 
1212;287 
1441;287 
1275;288 
1138;287 
1696;287 
999;287 
1245;287 
1140;288 
1039;287 
1171;287 
1669;287 
1568;287 
769;289 
1786;287 
1494;287 
1427;287 
1299;287 
1003;287 
1624;287 
1564;287 
1125;287 
1283;287 
1154;288 
1259;287 
1191;287 
1911;287 
1393;287 
1042;287 
1474;287 
1147;287 
932;287 
3506;287 
1049;287 
1628;288 
1320;287 
2087;287 
1180;287 
1578;287 
1707;287 
1001;287 
1127;287 
1674;287 
3576;287 
1027;287 
1696;287 
1072;287 
1074;287 
1729;288 
853;287 
1629;287 
1530;288 
3342;287 
1143;287 
1241;287 
990;287 
1616;287 
1381;288 
992;287 
1073;287 
1326;288 
1348;287 
1049;287 
1514;287 
877;287 
1731;287 
1214;287 
3330;287 
1196;287 
1263;288 
2133;287 
1269;287 
1484;287 
1301;287 
1511;287 
1681;287 
1587;287 
1130;287 
887;288 
1136;287 
847;287 
1108;287 
902;287 
1384;287 
1424;287 
788;287 
1159;287 
1179;287 
1175;287 
1355;287 
1335;287 
737;288 
1668;287 
1167;287 
753;287 
1743;287 
2086;287 
1266;287 
598;287 
1431;287 
2080;287 
1654;287 
1717;287 
1176;287 
1441;287 
3919;288 
1181;287 
1014;287 
1450;287 
1267;287 
1247;287 
1210;287 
942;288 
1193;288 
3065;287 
1141;287 
1533;287 
1667;287 
1218;287 
1138;287 
1264;287 
1223;287 
1335;288 
1292;287 
1649;287 
928;287 
963;287 
1534;287 
830;287 
1589;287 
980;287 
1168;287 
1187;287 
1396;287 
1433;287 
1129;287 
1144;287 
1519;287 
1550;287 
1622;288 
1465;287 
1003;287 
1486;287 
1193;287 
1596;287 
1031;287 
1399;287 
1413;287 
1132;288 
1316;287 
1498;287 
1846;287 
1496;287 
1384;287 
848;287 
1615;287 
966;287 
1176;288 
2047;287 
1226;287 
1380;287 
1433;287 
1096;287 
796;287 
1679;287 
899;287 
1410;288 
1888;287 
1589;287 
1162;287 
1268;287 
1795;287 
967;287 
1439;287 
1064;287 
1539;287 
938;287 
1267;287 
1168;288 
1072;287 
1257;287 
3324;287 
869;287 
932;288 
1299;287 
1852;287 
1113;287 
1159;287 
1513;287 
1061;287 
1801;287 
1622;287 
1595;287 
1274;287 
1661;287 
1334;287 
1693;288 
1263;288 
1088;287 
1074;287 
1102;287 
1683;288 
2036;287 
1218;287 
1039;287 
1141;287 
1203;287 
1523;287 
2526;287 
1599;287 
1195;287 
1706;287 
1227;287 
1130;287 
1866;287 
1383;288 
1080;287 
948;288 
1221;287 
1819;287 
1862;287 
1126;287 
1270;287 
1914;287 
1243;287 
1107;287 
1262;287 
1571;287 
1451;287 
901;287 
1220;287 
967;287 
1045;287 
1016;287 
1198;287 
1569;287 
869;287 
1238;287 
1568;287 
1260;287 
1144;287 
1069;287 
1032;287 
1144;287 
1116;287 
1435;287 
1271;287 
832;287 
1043;287 
1411;288 
1350;287 
1161;287 
1535;287 
891;288 
1218;287 
952;287 
1265;287 
1124;287 
3518;287 
1060;289 
1483;287 
1752;287 
3657;287 
1321;287 
1296;287 
1056;287 
1415;287 
1604;288 
2511;287 
1072;288 
3792;288 
1360;287 
1308;287 
1782;287 
1281;289 
1447;287 
986;289 
1007;288 
1378;287 
1555;288 
648;287 
908;287 
1054;287 
867;287 
1107;287 
922;287 
905;287 
1481;287 
952;287 
967;287 
1351;287 
1289;287 
1585;287 
1845;287 
1098;287 
868;287 
2275;287 
1584;287 
1241;287 
1520;287 
1794;287 
1398;287 
2132;287 
1355;287 
1040;287 
1328;287 
1002;287 
1399;287 
1851;288 
2718;287 
2627;287 
1742;287 
1058;287 
870;287 
1266;287 
942;287 
893;287 
1387;288 
1100;287 
1134;287 
1292;287 
1287;288 
1147;288 
1026;287 
1538;288 
1113;287 
1028;287 
890;287 
833;287 
1704;287 
1589;287 
1663;287 
1882;287 
1188;287 
1319;287 
1721;287 
1335;287 
1729;287 
1706;287 
1172;287 
761;287 
3386;287 
1485;287 
1374;287 
1527;287 
2039;287 
895;287 
1426;287 
1314;288 
988;287 
2066;287 
1668;287 
1507;287 
2223;287 
1234;287 
1666;287 
1113;287 
1639;288 
1477;287 
1311;287 
1541;287 
3025;287 
1099;287 
2320;287 
1184;287 
1333;287 
1687;287 
1418;287 
1164;287 
906;287 
1348;287 
1710;287 
1202;287 
2670;287 
1265;287 
1145;287 
1251;287 
994;287 
1391;287 
1287;287 
3184;287 
1527;287 
1492;287 
1103;287 
1335;287 
791;287 
1344;288 
1540;287 
1011;287 
3535;287 
908;287 
1190;287 
1178;288 
1131;287 
1146;287 
1244;287 
1310;287 
3235;287 
1442;287 
1589;287 
976;287 
608;287 
1226;287 
1162;287 
895;287 
2865;287 
1207;287 
1148;287 
1391;287 
2085;287 
1596;287 
1408;287 
1403;287 
865;287 
1496;287 
1602;287 
1182;287 
1703;287 
1742;287 
1010;287 
1190;287 
1464;287 
1090;287 
1279;287 
1539;287 
1435;287 
1531;287 
998;287 
1578;287 
1797;287 
1006;287 
2034;287 
1303;287 
887;287 
1072;287 
1719;287 
1092;287 
1143;287 
1394;288 
1389;287 
935;287 
1262;287 
1479;288 
1146;287 
1700;287 
1421;287 
927;287 
1615;287 
1377;287 
1916;287 
1040;287 
1625;287 
1376;287 
1148;287 
1298;287 
1202;287 
1054;287 
1140;287 
3309;287 
892;287 
1986;287 
736;287 
2247;287 
844;287 
1173;287 
1152;287 
1297;287 
2011;287 
1093;287 
1167;287 
1034;287 
1211;287 
1939;287 
1000;287 
1389;287 
1408;287 
1595;287 
886;287 
1060;287 
1405;287 
1648;287 
1579;287 
1280;287 
1535;287 
1166;287 
1418;287 
1025;287 
2784;287 
890;288 
1196;287 
3374;287 
1706;287 
1077;287 
1283;287 
1222;288 
938;287 
976;287 
1465;287 
992;287 
1332;287 
2688;287 
1881;287 
1732;287 
1571;287 
854;287 
956;288 
1405;287 
1038;287 
1563;287 
1265;287 
1249;287 
1401;287 
2706;287 
1339;287 
1324;287 
1525;287 
1304;287 
890;287 
857;287 
997;287 
1446;287 
1417;287 
1187;287 
3046;287 
1383;287 
1583;287 
1903;287 
1085;287 
1674;287 
1380;287 
1120;287 
1179;288 
1698;287 
1274;287 
1283;287 
1295;287 
1485;287 
1593;287 
1758;287 
1163;287 
1960;287 
3092;287 
1207;287 
1234;287 
1812;287 
1415;287 
1397;287 
1864;287 
1137;287 
1046;287 
1518;287 
1634;287 
1202;287 
1283;287 
1141;287 
1188;287 
1014;287 
920;287 
1162;287 
1107;287 
1243;287 
2137;287 
1386;287 
3353;288 
770;287 
1004;287 
1229;287 
1510;287 
1030;287 
1016;287 
3292;287 
903;287 
982;287 
1296;287 
1320;287 
964;288 
1992;287 
2705;287 
1024;288 
1582;287 
1586;287 
1121;287 
1342;287 
1230;287 
1710;287 
1253;287 
1252;287 
1289;287 
993;287 
1126;287 
1902;287 
963;287 
1071;287 
1128;287 
1562;287 
1655;287 
1193;287 
1478;287 
1700;287 
1154;289 
1224;287 
1269;288 
1415;287 
1213;287 
1141;287 
956;288 
1650;287 
1329;287 
1542;287 
1278;287 
1101;287 
1459;287 
1231;287 
1307;288 
764;287 
1525;287 
1421;288 
1143;287 
1429;287 
1057;287 
786;287 
1156;287 
850;287 
1350;287 
1404;287 
2281;287 
1345;287 
1419;287 
2916;287 
1545;287 
1144;287 
1810;287 
955;287 
1623;287 
1181;287 
1202;287 
949;287 
1418;287 
1237;287 
1201;288 
1610;287 
2605;287 
1055;287 
2138;287 
887;287 
1517;287 
1816;287 
1261;287 
1424;287 
1946;287 
1409;287 
1817;287 
1747;288 
1102;287 
1695;287 
2014;287 
1018;287 
1976;287 
788;287 
1029;287 
1614;287 
1286;287 
3071;287 
1064;287 
2980;287 
1307;287 
1320;287 
1239;287 
1028;287 
1250;287 
1403;287 
1620;288 
1174;287 
1541;288 
1343;287 
1258;287 
1393;287 
1040;287 
1082;287 
1897;287 
1739;287 
3369;287 
1823;287 
1143;287 
1181;287 
1180;288 
1387;287 
1373;287 
1681;287 
1592;287 
1111;287 
2339;287 
1285;287 
1013;287 
1321;287 
1394;287 
2023;287 
1169;287 
2338;287 
1210;287 
987;287 
1150;287 
1049;287 
1000;287 
737;287 
1138;287 
1110;287 
1315;287 
609;287 
1157;287 
1048;287 
1129;287 
1135;287 
1519;287 
1390;287 
1321;287 
1092;287 
1614;287 
3052;287 
951;288 
1521;287 
1219;288 
999;287 
1096;287 
1229;287 
1433;287 
1153;287 
1152;287 
1579;287 
898;287 
1280;287 
1850;287 
1684;287 
1503;287 
1341;287 
745;287 
1356;287 
1470;287 
1227;287 
939;287 
998;287 
908;287 
3503;287 
1215;287 
1233;289 
4014;287 
1459;287 
889;287 
978;287 
1395;288 
619;287 
1457;287 
1158;287 
1233;287 
3392;287 
1187;287 
1938;287 
1525;287 
1768;287 
761;287 
743;287 
1523;287 
1626;287 
1627;287 
769;287 
1397;287 
1027;287 
1884;287 
1869;287 
1296;287 
1065;287 
1209;287 
1304;287 
1436;287 
1354;287 
1273;287 
2876;288 
1330;287 
1004;287 
886;287 
1606;288 
1587;287 
1699;287 
1461;287 
1682;287 
1852;288 
1633;287 
1265;287 
1937;287 
3392;287 
890;287 
1490;287 
1354;288 
1285;287 
1233;287 
1222;287 
1159;287 
864;287 
892;287 
1147;289 
1523;287 
757;287 
1214;287 
1668;287 
1414;287 
891;287 
1636;287 
1460;287 
1291;287 
1121;287 
906;287 
1299;287 
1233;287 
2711;287 
1007;287 
863;287 
1378;287 
995;287 
1287;287 
1665;288 
1274;287 
1471;287 
1419;287 
1006;287 
2848;287 
1120;287 
1225;287 
1218;287 
1363;287 
1134;287 
1132;287 
2004;287 
1048;287 
1295;287 
1554;287 
1258;287 
1723;287 
1168;287 
1392;287 
1908;287 
892;287 
847;287 
1671;287 
1508;288 
1017;287 
894;287 
1486;287 
2135;289 
1578;287 
1553;287 
1111;287 
922;287 
1659;287 
1148;287 
1319;287 
1012;288 
1207;287 
1278;287 
1521;287 
912;289 
1156;287 
1738;287 
1267;287 
1522;287 
1354;287 
1380;287 
1180;287 
2017;287 
1388;287 
960;287 
2014;287 
1289;287 
1211;287 
1184;288 
1861;287 
3706;287 
1865;287 
3441;287 
1166;287 
869;287 
1489;287 
1170;287 
1711;287 
1307;287 
1691;287 
1366;288 
899;287 
1188;287 
1710;287 
1414;287 
1533;287 
1398;287 
1159;287 
1180;287 
1258;287 
1514;287 
951;287 
1027;287 
1619;287 
2036;287 
1237;287 
843;287 
964;287 
1464;288 
779;287 
1119;287 
1226;287 
1402;287 
1600;287 
972;287 
1053;287 
3403;287 
1221;287 
1507;287 
1261;287 
1127;288 
1245;287 
854;287 
1180;287 
2759;287 
1496;287 
1317;288 
1701;288 
1403;287 
798;287 
1372;287 
1341;287 
959;288 
2972;287 
1280;287 
1362;287 
1304;287 
3284;287 
1192;287 
1473;287 
1650;287 
1259;287 
1783;287 
596;287 
1068;287 
1203;287 
1101;287 
1308;287 
1478;287 
1196;287 
1221;288 
1355;288 
894;287 
1517;289 
1534;287 
1641;288 
1304;287 
2538;287 
1034;287 
1572;287 
927;287 
1244;287 
920;287 
1558;287 
1211;287 
1431;287 
1646;287 
1507;287 
1471;287 
2814;288 
1148;287 
1190;287 
1204;287 
2049;287 
1156;287 
986;287 
3052;287 
1238;287 
1055;288 
1523;287 
1326;287 
1432;287 
1405;287 
1316;287 
1719;287 
780;287 
1250;287 
992;287 
1148;287 
1720;287 
1013;287 
1551;287 
1343;287 
1676;287 
1012;287 
3233;287 
1676;287 
2040;287 
1443;287 
1164;287 
1163;287 
1154;287 
2699;288 
992;287 
1196;287 
1014;287 
1551;287 
1114;287 
1424;287 
1114;287 
1056;287 
1035;287 
1190;288 
1292;287 
1784;287 
1284;287 
1621;287 
1561;288 
1252;287 
933;287 
784;287 
1115;287 
1152;287 
1299;287 
1165;287 
905;288 
1405;287 
1131;287 
1321;287 
1198;287 
1303;287 
1026;287 
1390;287 
1236;287 
1053;287 
1010;287 
1559;287 
1360;287 
1089;287 
890;287 
918;287 
1435;287 
969;287 
1058;287 
1422;287 
1630;288 
3262;287 
1128;287 
1532;287 
1257;287 
922;287 
1515;287 
1502;288 
1455;287 
1133;287 
1458;287 
1201;287 
1210;287 
1346;287 
1028;287 
1820;287 
1412;287 
1458;287 
1156;287 
1139;287 
1533;287 
1839;287 
1378;287 
915;288 
952;287 
1337;287 
1430;287 
1583;287 
1062;287 
1341;287 
1332;287 
1127;287 
1501;287 
1023;287 
1699;287 
1826;287 
1249;287 
1553;288 
1134;287 
921;287 
1000;287 
1374;287 
3662;287 
1148;287 
1599;287 
2217;287 
1735;287 
787;287 
1379;287 
1350;287 
1199;287 
1043;287 
1714;287 
2285;287 
1276;287 
1648;287 
1054;287 
1145;287 
1500;287 
1155;287 
1135;287 
1021;287 
951;287 
1314;287 
1539;287 
1431;287 
6760;287 
1332;287 
1520;287 
1463;287 
1465;287 
1308;287 
1037;287 
1123;288 
1157;287 
1997;287 
933;287 
1635;287 
1094;287 
1163;287 
1301;287 
2418;287 
1461;287 
1013;287 
1311;287 
586;287 
2838;287 
1648;287 
1296;287 
1129;287 
1887;287 
1178;287 
922;287 
1109;288 
1596;287 
1072;287 
1261;288 
849;287 
1809;287 
1257;287 
1267;287 
1136;287 
886;287 
903;287 
3351;287 
2406;287 
2170;288 
1155;287 
1374;287 
1481;287 
1419;287 
1156;287 
1508;287 
1050;287 
1115;287 
945;288 
1064;287 
1404;287 
1377;287 
1701;287 
1521;287 
2840;287 
2176;287 
1252;287 
1000;287 
1206;287 
955;287 
1438;287 
909;287 
1402;288 
1747;287 
1757;287 
1521;287 
1332;287 
1799;287 
967;287 
1844;287 
1670;287 
1029;287 
1221;287 
1002;287 
1007;287 
1795;287 
1323;287 
1157;287 
1357;287 
865;287 
3301;287 
1411;287 
1498;287 
1498;287 
1039;287 
1057;287 
1513;287 
1758;287 
1412;287 
1344;287 
1015;287 
1299;287 
1034;287 
1159;287 
1783;287 
982;287 
1229;287 
1598;287 
1191;287 
1363;287 
2576;287 
1115;287 
1367;287 
1068;287 
1163;287 
1451;287 
1237;287 
2115;288 
1056;288 
2535;287 
1926;287 
1210;287 
747;287 
917;287 
1107;287 
1123;287 
1336;288 
1427;287 
1157;288 
1294;287 
1302;287 
1139;287 
1382;287 
1234;288 
1803;287 
3496;287 
1981;287 
1054;287 
1673;287 
1461;287 
1060;287 
1192;287 
986;287 
1049;287 
1675;287 
1227;287 
1004;287 
1145;287 
3612;287 
1136;287 
2409;287 
866;287 
1050;287 
1017;287 
1808;287 
1933;288 
1011;287 
871;287 
949;287 
1534;287 
1140;287 
1827;288 
1178;288 
1025;287 
1268;287 
1443;287 
1588;287 
1452;287 
916;287 
1023;287 
776;287 
1144;288 
1401;287 
1511;288 
870;287 
1163;287 
1289;287 
1130;287 
3357;287 
1073;287 
1565;287 
1039;287 
1016;287 
1764;287 
1398;287 
1625;287 
1366;287 
1324;287 
1389;287 
1416;287 
1805;287 
1310;288 
761;287 
1400;287 
999;287 
987;288 
1180;287 
1263;288 
1438;287 
3592;287 
1568;287 
1280;287 
2256;287 
1135;287 
1932;287 
1523;287 
728;287 
1683;289 
952;287 
1243;287 
1057;287 
1035;287 
1411;287 
1161;287 
991;287 
1480;288 
1946;287 
983;287 
1652;288 
1404;287 
1362;287 
1022;288 
902;287 
989;287 
728;287 
1338;287 
757;287 
1398;287 
1038;287 
1640;288 
1535;287 
1969;287 
1058;287 
1067;287 
1680;287 
1228;287 
1588;287 
864;287 
1324;287 
997;287 
1228;287 
1492;288 
915;288 
899;287 
1345;287 
2529;287 
1200;288 
1292;287 
1002;287 
1039;287 
914;287 
2015;287 
1307;287 
1932;287 
1540;287 
1804;287 
1614;287 
944;287 
1401;287 
1313;287 
1186;287 
1322;287 
1673;287 
1155;287 
1400;287 
1287;287 
758;287 
1058;287 
1491;287 
1422;288 
1302;287 
2128;287 
1599;287 
1751;288 
1094;288 
1448;288 
3617;287 
3604;287 
1249;287 
1303;288 
1098;287 
740;288 
892;287 
1110;287 
1059;288 
1374;287 
1247;287 
1417;288 
1243;288 
1017;287 
1442;287 
1115;287 
1832;287 
1431;287 
2039;287 
1986;287 
1008;287 
3088;287 
1226;287 
1107;287 
1411;287 
3802;287 
1293;287 
1143;287 
1808;287 
2705;287 
3041;287 
2064;287 
1305;287 
1487;288 
1126;287 
3079;287 
1967;287 
1007;287 
1152;287 
2185;287 
1452;287 
1755;287 
1120;287 
1175;287 
1505;287 
1793;287 
1151;287 
1649;287 
960;287 
905;287 
1228;287 
998;289 
1153;287 
1695;287 
1266;287 
1022;287 
1129;287 
1633;287 
938;288 
995;287 
1044;287 
1270;287 
1512;287 
1199;287 
869;287 
3474;287 
841;287 
1420;287 
1191;287 
3194;287 
1267;287 
953;287 
602;287 
1469;287 
1023;287 
1671;287 
1026;287 
1135;287 
1284;287 
1640;287 
1071;289 
1066;287 
890;287 
1261;287 
968;287 
1096;288 
1102;287 
1240;287 
1262;287 
965;287 
2049;287 
1539;287 
1186;287 
1818;287 
1185;287 
1251;287 
1376;287 
1269;287 
956;287 
3760;287 
994;287 
1149;287 
1001;287 
1456;287 
3175;287 
1620;287 
967;287 
1229;287 
774;287 
1382;287 
1386;288 
1006;287 
1653;287 
1123;287 
2674;287 
994;287 
1659;288 
1133;287 
1421;287 
1019;287 
3310;287 
1004;287 
946;287 
1749;287 
1194;287 
1164;287 
1327;287 
1226;287 
1359;287 
913;287 
1184;287 
2649;287 
2445;287 
1135;287 
1333;287 
1052;287 
1183;287 
930;287 
1339;287 
1768;287 
1419;287 
1328;287 
1357;287 
1488;287 
1642;287 
1330;287 
2421;287 
1368;287 
1401;287 
776;287 
1025;287 
1310;287 
1531;287 
1128;287 
1421;287 
1177;287 
1108;287 
1337;287 
1218;287 
1927;287 
1440;287 
1385;287 
870;287 
1174;287 
1063;287 
1175;287 
1125;287 
1365;287 
1468;287 
1204;287 
1015;287 
1281;287 
1545;287 
1983;287 
878;287 
1422;287 
1026;287 
1500;287 
3470;287 
1143;287 
1386;287 
1159;287 
1399;287 
1805;287 
3384;287 
3247;287 
1501;287 
1252;287 
885;288 
1018;287 
1334;288 
3424;288 
786;287 
1500;287 
1585;287 
1054;287 
1051;287 
1315;287 
1127;287 
1251;287 
1367;287 
1184;287 
1731;287 
1003;287 
2792;287 
1151;288 
978;287 
3123;287 
1021;287 
1334;288 
1519;287 
3084;287 
1045;287 
1653;287 
1404;287 
893;287 
1501;287 
1463;287 
1805;287 
1134;287 
1056;287 
1604;287 
1821;287 
1214;287 
1232;287 
1943;287 
925;287 
1499;287 
1523;287 
3475;287 
1195;287 
1318;288 
1013;288 
1499;287 
1527;287 
1392;287 
1195;287 
1157;287 
1320;287 
908;287 
1034;288 
1305;287 
1138;287 
1062;287 
1196;287 
1553;287 
1198;287 
1190;287 
1140;287 
1661;287 
889;287 
1353;287 
1021;287 
1364;287 
977;287 
1153;287 
1447;287 
1116;287 
1149;287 
1248;287 
1558;287 
1054;287 
1352;287 
2425;287 
1298;287 
1377;288 
1252;287 
1359;287 
1500;287 
788;287 
766;287 
1263;287 
1323;287 
1355;287 
1302;287 
1194;287 
1377;287 
3203;288 
946;287 
1340;287 
2382;287 
1943;287 
1318;288 
942;287 
1664;287 
1038;287 
1006;287 
1031;287 
1182;287 
1033;287 
1554;287 
1292;287 
3745;287 
1372;287 
1339;287 
1792;287 
883;288 
1439;287 
1573;287 
992;287 
1191;287 
1244;287 
1168;287 
903;287 
1854;287 
1588;287 
628;287 
1678;287 
1001;287 
1715;287 
2025;287 
1548;287 
1183;287 
1410;287 
1424;287 
1389;287 
1441;287 
972;287 
1466;287 
1436;287 
1498;287 
850;287 
1282;287 
2092;287 
3303;287 
1176;287 
1630;287 
1361;287 
1555;287 
1311;287 
1131;287 
997;289 
1021;287 
1552;287 
1199;287 
1178;287 
1334;288 
1052;288 
847;287 
1164;288 
1325;287 
1152;287 
1326;287 
1122;287 
1006;287 
1686;287 
1364;287 
1264;287 
988;287 
1199;287 
1147;287 
925;287 
902;287 
1464;287 
1064;287 
1016;287 
3443;287 
1695;287 
1512;287 
1390;287 
1160;287 
911;287 
1390;287 
1064;287 
1172;287 
3402;287 
1128;287 
1672;287 
1394;287 
2828;287 
1015;287 
1399;289 
1175;287 
1354;287 
1833;287 
1637;287 
1079;287 
887;287 
1056;287 
985;287 
1436;287 
1699;287 
1434;287 
596;287 
1055;287 
1268;287 
1434;287 
737;287 
1022;287 
1406;287 
1460;287 
1670;287 
1362;287 
978;287 
1146;287 
1543;288 
1220;287 
2468;287 
883;287 
1321;287 
1221;287 
1445;287 
1661;287 
2389;287 
1015;287 
1272;287 
1039;287 
1534;287 
1165;287 
1308;287 
1227;287 
916;287 
778;287 
1761;287 
959;287 
1368;287 
1133;287 
1051;287 
1662;287 
1271;288 
2118;287 
1383;287 
2011;287 
899;287 
748;287 
1855;287 
1873;287 
3229;287 
1759;287 
1050;287 
893;288 
1668;287 
1302;287 
1588;287 
1548;287 
1364;288 
1313;287 
1387;287 
1462;287 
1211;287 
1721;287 
1087;288 
1412;287 
993;287 
3038;287 
1306;288 
1198;287 
1110;287 
1421;287 
1487;287 
3398;287 
1099;287 
1456;287 
740;287 
1260;287 
1113;288 
3451;287 
2519;288 
1716;288 
1336;287 
1237;287 
1572;287 
1222;287 
2776;287 
1169;287 
1481;287 
768;288 
1170;288 
1379;287 
999;287 
915;287 
1066;287 
1012;287 
767;287 
3454;287 
1039;287 
1507;287 
1053;287 
1687;287 
1283;287 
1556;287 
1334;287 
1395;287 
1210;287 
1074;287 
1423;287 
1102;288 
1173;287 
1925;289 
1040;287 
1064;287 
1272;287 
934;287 
1553;288 
1637;287 
1403;287 
1390;288 
872;287 
1068;287 
1062;287 
1594;288 
1069;287 
916;287 
1377;287 
1887;287 
1117;287 
1612;287 
1264;287 
1145;287 
1135;288 
1024;287 
1441;287 
1141;287 
1019;287 
1298;287 
1150;287 
1384;287 
1089;287 
838;287 
1125;287 
1403;287 
1950;287 
1158;287 
972;287 
1201;287 
2589;288 
1905;287 
1025;287 
1113;287 
1598;287 
931;287 
1327;287 
1288;287 
1067;287 
2075;287 
1300;287 
2647;287 
1699;287 
2472;288 
1294;287 
1169;287 
1838;288 
1492;288 
1117;287 
1693;287 
959;287 
2096;288 
1856;287 
1142;288 
3378;287 
784;288 
939;287 
1327;287 
926;287 
1064;287 
1102;288 
3521;287 
762;287 
1307;287 
1439;287 
1193;287 
978;287 
1435;287 
2972;288 
1053;287 
1118;287 
1518;287 
1204;287 
1056;287 
856;287 
1156;287 
1745;287 
1801;287 
980;287 
1470;287 
1374;287 
1827;287 
1239;287 
1374;287 
1904;287 
1216;287 
1503;287 
1162;287 
757;287 
1296;288 
1190;287 
1536;287 
1230;287 
862;287 
3314;287 
1034;287 
1197;287 
1695;287 
1697;287 
1388;287 
1006;287 
759;287 
1284;287 
938;287 
2161;287 
1090;287 
1370;287 
1550;287 
907;287 
1393;287 
1069;287 
1149;287 
1096;287 
1303;287 
1359;287 
1144;287 
1057;287 
2427;287 
1258;287 
1423;287 
614;287 
1552;287 
1348;287 
1294;287 
1203;287 
828;287 
1247;287 
924;288 
1147;289 
1413;287 
1495;287 
1290;287 
2248;287 
1137;287 
907;287 
1610;287 
1603;287 
1474;288 
1259;287 
1300;288 
1649;287 
3138;287 
1191;287 
1262;287 
1153;287 
1174;288 
2411;287 
1220;287 
1250;287 
1658;288 
1260;288 
1309;287 
1916;287 
1259;287 
1492;287 
1126;287 
1089;287 
1597;287 
1783;287 
1405;288 
975;287 
1156;287 
1481;287 
1399;287 
1670;287 
1573;287 
1788;287 
1219;287 
1638;287 
1112;287 
1127;287 
1927;287 
886;287 
1035;287 
873;287 
1067;288 
1318;287 
939;287 
1415;287 
963;287 
1623;287 
1226;287 
1467;287 
739;287 
2642;287 
1544;287 
1057;287 
1129;287 
1090;287 
1531;287 
1160;287 
1467;288 
1543;287 
1066;287 
1285;287 
1180;287 
1017;287 
986;287 
1161;287 
1380;287 
1054;287 
1860;287 
1211;287 
1139;287 
1206;287 
877;287 
1001;287 
1043;287 
1261;287 
1028;287 
1528;287 
1383;287 
970;287 
1211;287 
984;287 
928;287 
1173;287 
1501;287 
1552;287 
1425;287 
791;287 
1114;287 
1468;287 
946;288 
1313;287 
1105;287 
1264;287 
1487;287 
1211;287 
1031;287 
1038;287 
770;287 
1995;287 
1327;287 
1592;287 
909;287 
920;287 
1095;287 
1118;287 
976;287 
1262;287 
1460;287 
2529;287 
1132;287 
876;287 
1443;287 
1125;287 
1031;287 
3083;287 
885;287 
5495;287 
1050;287 
1024;287 
1348;287 
1691;288 
1109;287 
1170;287 
1044;288 
1162;287 
1448;287 
1280;287 
1996;287 
743;287 
1825;287 
1508;287 
1086;287 
1134;287 
1505;287 
1635;287 
735;288 
1524;287 
970;287 
1910;287 
1180;287 
1384;289 
1772;287 
1511;287 
1398;287 
1309;287 
846;287 
1052;287 
1454;287 
1296;287 
1438;287 
1837;288 
1008;287 
2328;288 
1413;287 
1228;287 
1292;287 
1412;287 
1383;287 
955;287 
1271;287 
1136;287 
918;287 
1376;287 
1220;287 
984;287 
1178;287 
888;287 
1406;287 
1267;287 
1325;287 
1141;287 
1150;287 
1101;287 
1147;287 
1931;287 
1715;287 
926;287 
1146;287 
1333;287 
1346;287 
1693;287 
1426;287 
1162;288 
1178;287 
829;287 
1491;287 
1512;287 
1288;287 
1159;287 
859;287 
1269;287 
843;287 
1716;287 
1637;287 
1161;287 
895;287 
1109;287 
1338;287 
1931;287 
1015;287 
1179;287 
1159;287 
842;287 
1297;287 
1762;287 
993;287 
1217;287 
1190;287 
871;287 
1689;287 
2072;287 
3237;287 
1002;287 
1405;287 
941;287 
1443;287 
1282;287 
1560;287 
1560;287 
898;287 
968;287 
1550;287 
998;287 
981;287 
1398;287 
897;287 
1685;287 
1898;287 
1939;287 
1477;287 
1116;287 
882;287 
748;287 
1240;287 
1156;287 
1431;287 
1761;287 
1088;287 
1543;287 
966;287 
1385;287 
3560;287 
1294;288 
1540;287 
1523;288 
1416;287 
1961;287 
1441;287 
1747;287 
1722;287 
1634;287 
1029;287 
1140;287 
1432;287 
1453;287 
988;287 
3515;287 
1498;287 
944;287 
994;287 
1269;287 
1957;288 
1531;287 
1883;287 
1039;287 
1641;287 
1322;287 
796;287 
1829;287 
1007;287 
1049;287 
1351;287 
900;287 
791;287 
763;287 
1177;287 
1203;287 
1487;287 
1004;287 
1366;287 
1087;287 
1712;287 
716;287 
906;288 
1362;287 
1161;287 
925;287 
1786;287 
1301;287 
1034;287 
1236;287 
1860;287 
1171;287 
985;287 
1164;287 
1180;287 
1127;288 
1102;287 
936;287 
1571;287 
1452;287 
1146;287 
1765;287 
1406;287 
1433;288 
1371;287 
1055;287 
1345;287 
1178;287 
3112;287 
1582;287 
1321;287 
1638;287 
1727;287 
1437;287 
1463;287 
1012;287 
1152;287 
1371;287 
1169;287 
1594;287 
1118;287 
1341;287 
990;287 
1252;287 
1475;288 
2792;287 
895;287 
1407;288 
1203;287 
1275;287 
1182;287 
1879;288 
1334;288 
1510;288 
822;287 
1119;287 
1166;287 
1630;288 
1156;287 
1423;287 
1551;287 
1655;287 
1477;288 
1467;287 
1524;287 
1329;287 
1094;287 
1110;287 
1119;287 
2912;287 
1137;287 
1416;287 
1450;287 
1580;287 
2313;287 
1056;287 
1259;287 
1364;288 
1189;287 
1051;287 
1379;287 
1300;287 
1619;287 
3822;287 
1426;287 
1533;287 
1289;287 
1876;287 
1314;287 
1506;287 
1582;287 
863;287 
1437;287 
1536;287 
1632;287 
1487;287 
1205;287 
967;287 
1541;287 
1564;287 
1010;287 
1331;287 
3400;287 
1483;287 
1253;287 
1016;287 
1165;287 
1519;288 
1357;287 
780;287 
888;287 
995;287 
1289;287 
1306;287 
1254;287 
1241;287 
996;287 
1407;287 
1284;287 
1011;287 
1065;288 
995;287 
